Sharrac Teeth,Sharrac Teeth,Sharrac Teeth
Source,Resource Drop Chance,Chance
Tusk Thumper Doma,800.00%,Rare (4.17%)
Tusk Thumper Bull,600.00%,Rare (4.17%)
Tusk Thumper,400.00%,Rare (4.17%)
Narmer Thumper Doma,800.00%,Rare (4.17%)
Narmer Thumper Bull,600.00%,Rare (4.17%)
Narmer Thumper,400.00%,Rare (4.17%)
,,
Vitus Essence,Vitus Essence,Vitus Essence
Source,Resource Drop Chance,Chance
Arbitration Shield Drone,6.00%,Very Common (100.00%)
,,
Rune Marrow,Rune Marrow,Rune Marrow
Source,Resource Drop Chance,Chance
Corrupted Jackal,100.00%,Very Common (100.00%)
Corrupted Vor,100.00%,Very Common (100.00%)
,,
Tralok Eyes,Tralok Eyes,Tralok Eyes
Source,Resource Drop Chance,Chance
Tusk Thumper Doma,800.00%,Rare (4.17%)
Tusk Thumper Bull,600.00%,Rare (4.17%)
Tusk Thumper,400.00%,Rare (4.17%)
Narmer Thumper Doma,800.00%,Rare (4.17%)
Narmer Thumper Bull,600.00%,Rare (4.17%)
Narmer Thumper,400.00%,Rare (4.17%)
,,
Nitain Extract,Nitain Extract,Nitain Extract
Source,Resource Drop Chance,Chance
Zealoid Prelate,5.00%,Rare (2.58%)
Wolf Of Saturn Six,5.00%,Rare (2.58%)
Wolf Of Saturn Six,5.00%,Rare (2.58%)
,,
Sola Toroid,Sola Toroid,Sola Toroid
Source,Resource Drop Chance,Chance
Kyta Raknoid,20.00%,Very Common (100.00%)
Orb Vallis - Temple of Profit Enemies,11.00%,Uncommon (18.18%)
,,
Oxium,Oxium,Oxium
Source,Resource Drop Chance,Chance
Vapos Oxium Osprey,100.00%,Very Common (100.00%)
Juno Oxium Osprey,100.00%,Very Common (100.00%)
Nemes,100.00%,Very Common (100.00%)
Common Corpus Storage Container,25.00%,Rare (2.01%)
Uncommon Corpus Storage Container,25.00%,Rare (2.01%)
Carabus,100.00%,Very Common (100.00%)
Uncommon Grineer Storage Container,25.00%,Rare (2.01%)
Uncommon Grineer Storage Container,25.00%,Rare (2.58%)
Storage Container,25.00%,Rare (2.01%)
Dusty Storage Crate,25.00%,Rare (2.01%)
Orokin Storage Container,25.00%,Rare (2.01%)
Orokin Storage Container,25.00%,Rare (2.01%)
Orokin Storage Container,25.00%,Rare (2.01%)
Survival Storage Container,25.00%,Rare (2.01%)
Oxium Osprey,100.00%,Very Common (100.00%)
Narmer Oxium Osprey,100.00%,Very Common (100.00%)
Polished Storage Crate,25.00%,Rare (2.01%)
Omnipak,25.00%,Rare (2.01%)
Carrypod,25.00%,Rare (2.01%)
Reinforced Carrypod,25.00%,Rare (2.01%)
,,
Maprico,Maprico,Maprico
Source,Resource Drop Chance,Chance
Tusk Thumper Doma,800.00%,Rare (4.17%)
Tusk Thumper Bull,600.00%,Rare (4.17%)
Tusk Thumper,400.00%,Rare (4.17%)
Narmer Thumper Doma,800.00%,Rare (4.17%)
Narmer Thumper Bull,600.00%,Rare (4.17%)
Narmer Thumper,400.00%,Rare (4.17%)
,,
Asterite,Asterite,Asterite
Source,Resource Drop Chance,Chance
Orokin Storage Container (Level 51 - 75),100.00%,Beyond Legendary (Under Review) (0.00%)
Rare Orokin Storage Container (Level 51 - 75),100.00%,Beyond Legendary (Under Review) (0.00%)
Rare Orokin Storage Container (Level 76 - 100),100.00%,Uncommon (17.78%)
Reinforced Orokin Storage Container (Level 51 - 75),100.00%,Beyond Legendary (Under Review) (0.00%)
Reinforced Orokin Storage Container (Level 76 - 100),100.00%,Uncommon (14.24%)
Gyre Taktis,80.00%,Uncommon (11.06%)
Ionyx,75.00%,Uncommon (22.56%)
Gyrix,75.00%,Uncommon (22.56%)
Nascent Membroid (Level 51 - 75),100.00%,Uncommon (11.28%)
Mature Membroid (Level 51 - 75),100.00%,Beyond Legendary (Under Review) (0.00%)
Mature Membroid (Level 76 - 100),100.00%,Uncommon (17.78%)
Apex Membroid (Level 51 - 75),100.00%,Beyond Legendary (Under Review) (0.00%)
Juvenile Membroid (Level 51 - 75),100.00%,Beyond Legendary (Under Review) (0.00%)
Juvenile Membroid (Level 76 - 100),100.00%,Beyond Legendary (Under Review) (0.00%)
,,
Kuva,Kuva,Kuva
Source,Resource Drop Chance,Chance
Demolisher Bailiff,100.00%,Very Common (100.00%)
Demolisher Heavy Gunner,100.00%,Very Common (100.00%)
Demolisher Nox,100.00%,Very Common (100.00%)
Demolisher Kuva Guardian,100.00%,Very Common (100.00%)
,,
Granum Crown,Granum Crown,Granum Crown
Source,Resource Drop Chance,Chance
Granum Crown Cache,100.00%,Very Common (100.00%)
,,
Nistlepod,Nistlepod,Nistlepod
Source,Resource Drop Chance,Chance
Tusk Thumper Doma,800.00%,Rare (4.17%)
Tusk Thumper Bull,600.00%,Rare (4.17%)
Tusk Thumper,400.00%,Rare (4.17%)
Narmer Thumper Doma,800.00%,Rare (4.17%)
Narmer Thumper Bull,600.00%,Rare (4.17%)
Narmer Thumper,400.00%,Rare (4.17%)
,,
Tauforged Azure Archon Shard,Tauforged Azure Archon Shard,Tauforged Azure Archon Shard
Source,Resource Drop Chance,Chance
Albrecht Entrati's Netracell (Level 190 - 210),100.00%,Rare (2.50%)
,,
Coprite Alloy,Coprite Alloy,Coprite Alloy
Source,Resource Drop Chance,Chance
Tusk Thumper Doma,800.00%,Rare (4.17%)
Tusk Thumper Bull,600.00%,Rare (4.17%)
Tusk Thumper,400.00%,Rare (4.17%)
Narmer Thumper Doma,800.00%,Rare (4.17%)
Narmer Thumper Bull,600.00%,Rare (4.17%)
Narmer Thumper,400.00%,Rare (4.17%)
,,
Cubic Diodes,Cubic Diodes,Cubic Diodes
Source,Resource Drop Chance,Chance
Gox Scavenger,75.00%,Common (37.94%)
Uncommon Corpus Storage Container,200.00%,Very Common (77.44%)
Common Grineer Storage Container,100.00%,Very Common (100.00%)
Orokin Storage Container (Level 0 - 50),100.00%,Uncommon (22.47%)
Orokin Storage Container (Level 51 - 75),100.00%,Uncommon (26.84%)
Orokin Storage Container (Level 76 - 100),100.00%,Uncommon (27.33%)
Rare Corpus Storage Container,300.00%,Very Common (75.88%)
Rare Orokin Storage Container (Level 0 - 50),100.00%,Uncommon (25.49%)
Rare Orokin Storage Container (Level 51 - 75),100.00%,Uncommon (27.33%)
Rare Orokin Storage Container (Level 76 - 100),100.00%,Uncommon (22.47%)
Reinforced Grineer Storage Container,400.00%,Very Common (75.88%)
Reinforced Orokin Storage Container (Level 0 - 50),100.00%,Uncommon (24.64%)
Reinforced Orokin Storage Container (Level 51 - 75),100.00%,Uncommon (20.16%)
Reinforced Orokin Storage Container (Level 76 - 100),100.00%,Uncommon (17.29%)
Taro Crewship,75.00%,Common (37.94%)
Axio Crewship,75.00%,Common (37.94%)
Vorac Crewship,75.00%,Common (37.94%)
Orm Crewship,75.00%,Common (37.94%)
Elite Taro Basilisk,75.00%,Common (37.94%)
Taro Basilisk,75.00%,Common (37.94%)
Elite Orm Basilisk,75.00%,Common (37.94%)
Orm Basilisk,75.00%,Common (37.94%)
Orm Gox,75.00%,Common (37.94%)
Elite Orm Harpi,75.00%,Common (37.94%)
Orm Harpi,75.00%,Common (37.94%)
Elite Orm Weaver,75.00%,Common (37.94%)
Orm Weaver,75.00%,Common (37.94%)
Taro Gox,75.00%,Common (37.94%)
Elite Taro Harpi,75.00%,Common (37.94%)
Taro Harpi,75.00%,Common (37.94%)
Elite Axio Basilisk,75.00%,Common (37.94%)
Axio Basilisk,75.00%,Common (37.94%)
Axio Gox,75.00%,Common (37.94%)
Elite Axio Harpi,75.00%,Common (37.94%)
Axio Harpi,75.00%,Common (37.94%)
Elite Axio Weaver,75.00%,Common (37.94%)
Axio Weaver,75.00%,Common (37.94%)
Taro Weaver,75.00%,Common (37.94%)
Elite Vorac Basilisk,75.00%,Common (37.94%)
Vorac Basilisk,75.00%,Common (37.94%)
Vorac Gox,75.00%,Common (37.94%)
Elite Vorac Harpi,75.00%,Common (37.94%)
Vorac Harpi,75.00%,Common (37.94%)
Elite Vorac Weaver,75.00%,Common (37.94%)
Vorac Weaver,75.00%,Common (37.94%)
Corpus Ramsled,100.00%,Common (37.94%)
Kosma Cutter,75.00%,Common (50.00%)
Gyre Cutter,75.00%,Common (50.00%)
Anu Brachiolyst,20.00%,Common (33.33%)
Anu Mantalyst,20.00%,Common (33.33%)
Anu Pyrolyst,20.00%,Common (33.33%)
Anu Symbilyst,20.00%,Common (33.33%)
Ionyx,75.00%,Uncommon (19.36%)
Gyrix,75.00%,Uncommon (19.36%)
Nascent Membroid (Level 0 - 50),100.00%,Uncommon (25.81%)
Nascent Membroid (Level 51 - 75),100.00%,Uncommon (25.81%)
Nascent Membroid (Level 76 - 100),100.00%,Uncommon (25.81%)
Mature Membroid (Level 0 - 50),100.00%,Uncommon (25.49%)
Mature Membroid (Level 51 - 75),100.00%,Uncommon (27.33%)
Mature Membroid (Level 76 - 100),100.00%,Uncommon (22.47%)
Apex Membroid (Level 0 - 50),100.00%,Uncommon (24.64%)
Apex Membroid (Level 51 - 75),100.00%,Uncommon (20.16%)
Apex Membroid (Level 76 - 100),100.00%,Uncommon (17.29%)
Juvenile Membroid (Level 0 - 50),100.00%,Uncommon (22.47%)
Juvenile Membroid (Level 51 - 75),100.00%,Uncommon (26.84%)
Juvenile Membroid (Level 76 - 100),100.00%,Uncommon (27.33%)
,,
Vega Toroid,Vega Toroid,Vega Toroid
Source,Resource Drop Chance,Chance
Narmer Mite,1.00%,Very Common (100.00%)
Mite Raknoid,1.00%,Very Common (100.00%)
Orb Vallis - Spaceport Enemies,11.00%,Uncommon (18.18%)
,,
Pyrol,Pyrol,Pyrol
Source,Resource Drop Chance,Chance
Tusk Thumper Doma,800.00%,Rare (4.17%)
Tusk Thumper Bull,600.00%,Rare (4.17%)
Tusk Thumper,400.00%,Rare (4.17%)
Narmer Thumper Doma,800.00%,Rare (4.17%)
Narmer Thumper Bull,600.00%,Rare (4.17%)
Narmer Thumper,400.00%,Rare (4.17%)
,,
Auron,Auron,Auron
Source,Resource Drop Chance,Chance
Tusk Thumper Doma,800.00%,Rare (4.17%)
Tusk Thumper Bull,600.00%,Rare (4.17%)
Tusk Thumper,400.00%,Rare (4.17%)
Narmer Thumper Doma,800.00%,Rare (4.17%)
Narmer Thumper Bull,600.00%,Rare (4.17%)
Narmer Thumper,400.00%,Rare (4.17%)
,,
Nav Coordinate,Nav Coordinate,Nav Coordinate
Source,Resource Drop Chance,Chance
Tamm,25.00%,Uncommon (22.56%)
Corrupted Drahk,25.00%,Uncommon (22.56%)
Kuva Hyekka,25.00%,Uncommon (22.56%)
Common Corpus Storage Container,25.00%,Uncommon (22.56%)
Common Corpus Storage Container,25.00%,Uncommon (22.11%)
Uncommon Corpus Storage Container,25.00%,Uncommon (22.56%)
Uncommon Corpus Storage Container,25.00%,Uncommon (22.11%)
Kavat,25.00%,Uncommon (22.56%)
Kubrow,25.00%,Uncommon (22.56%)
Kuva Drahk,25.00%,Uncommon (22.56%)
Hyekka,25.00%,Uncommon (22.56%)
Drahk,25.00%,Uncommon (22.56%)
Common Grineer Storage Container,25.00%,Uncommon (22.56%)
Common Grineer Storage Container,25.00%,Uncommon (22.56%)
Uncommon Grineer Storage Container,25.00%,Uncommon (22.56%)
Uncommon Grineer Storage Container,25.00%,Uncommon (22.11%)
Storage Container,25.00%,Uncommon (22.11%)
Dusty Storage Container,25.00%,Uncommon (22.56%)
Dusty Storage Crate,25.00%,Uncommon (22.11%)
Orokin Storage Container,25.00%,Uncommon (22.11%)
Orokin Storage Container,25.00%,Uncommon (22.11%)
Orokin Storage Container,25.00%,Uncommon (22.11%)
Survival Storage Container,25.00%,Uncommon (22.11%)
Polished Storage Container,25.00%,Uncommon (22.56%)
Polished Storage Crate,25.00%,Uncommon (22.11%)
Narmer Cache,25.00%,Uncommon (22.56%)
Omnipak,25.00%,Uncommon (22.11%)
Carrypod,25.00%,Uncommon (22.11%)
Reinforced Carrypod,25.00%,Uncommon (22.11%)
,,
Veridos,Veridos,Veridos
Source,Resource Drop Chance,Chance
Tusk Thumper Doma,800.00%,Rare (4.17%)
Tusk Thumper Bull,600.00%,Rare (4.17%)
Tusk Thumper,400.00%,Rare (4.17%)
Narmer Thumper Doma,800.00%,Rare (4.17%)
Narmer Thumper Bull,600.00%,Rare (4.17%)
Narmer Thumper,400.00%,Rare (4.17%)
,,
Hexenon,Hexenon,Hexenon
Source,Resource Drop Chance,Chance
Amalgam Moa,10.00%,Very Common (71.90%)
Amalgam Kucumatz,10.00%,Very Common (71.90%)
Demolyst Machinist,10.00%,Very Common (71.90%)
Demolyst Heqet,10.00%,Very Common (71.90%)
Amalgam Osprey,10.00%,Very Common (71.90%)
Demolyst Moa,10.00%,Very Common (71.90%)
Amalgam Satyr,10.00%,Very Common (71.90%)
Demolyst Osprey,10.00%,Very Common (71.90%)
Amalgam Alkonost,10.00%,Very Common (71.90%)
Amalgam Machinist,10.00%,Very Common (71.90%)
Demolyst Satyr,10.00%,Very Common (71.90%)
Amalgam Heqet,10.00%,Very Common (71.90%)
Amalgam Cinder Machinist,7.00%,Very Common (71.90%)
Amalgam Arca Kucumatz,7.00%,Very Common (71.90%)
Amalgam Arca Heqet,7.00%,Very Common (71.90%)
Amalgam Phase Moa,7.00%,Very Common (71.90%)
Amalgam Swarm Satyr,7.00%,Very Common (71.90%)
Aurax Culveri Moa,10.00%,Very Common (71.90%)
Aurax Polaris Moa,10.00%,Very Common (71.90%)
,,
Melee Crescendo,Melee Crescendo,Melee Crescendo
Source,Resource Drop Chance,Chance
Albrecht Entrati's Netracell (Level 190 - 210),100.00%,Rare (5.62%)
,,
Tauforged Amber Archon Shard,Tauforged Amber Archon Shard,Tauforged Amber Archon Shard
Source,Resource Drop Chance,Chance
Albrecht Entrati's Netracell (Level 190 - 210),100.00%,Rare (2.50%)
,,
Orvius Blade,Orvius Blade,Orvius Blade
Source,Resource Drop Chance,Chance
Kuva Guardian,5.00%,Very Common (100.00%)
,,
Orokin Cell,Orokin Cell,Orokin Cell
Source,Resource Drop Chance,Chance
The Sergeant,100.00%,Rare (2.58%)
Amalgam Moa,10.00%,Rare (3.81%)
Amalgam Kucumatz,10.00%,Rare (3.81%)
Demolyst Machinist,10.00%,Rare (3.81%)
Demolyst Heqet,10.00%,Rare (3.81%)
Amalgam Osprey,10.00%,Rare (3.81%)
Demolyst Moa,10.00%,Rare (3.81%)
Amalgam Satyr,10.00%,Rare (3.81%)
Demolyst Osprey,10.00%,Rare (3.81%)
Amalgam Alkonost,10.00%,Rare (3.81%)
Amalgam Machinist,10.00%,Rare (3.81%)
Demolyst Satyr,10.00%,Rare (3.81%)
Amalgam Heqet,10.00%,Rare (3.81%)
Amalgam Cinder Machinist,7.00%,Rare (3.81%)
Amalgam Arca Kucumatz,7.00%,Rare (3.81%)
Amalgam Arca Heqet,7.00%,Rare (3.81%)
Amalgam Phase Moa,7.00%,Rare (3.81%)
Amalgam Swarm Satyr,7.00%,Rare (3.81%)
Aurax Culveri Moa,10.00%,Rare (3.81%)
Aurax Polaris Moa,10.00%,Rare (3.81%)
Brachiolyst Disperser,10.00%,Rare (2.58%)
Erra,50.00%,Rare (2.58%)
Aerolyst,50.00%,Rare (2.58%)
Brachiolyst,10.00%,Rare (2.58%)
Summulyst,50.00%,Rare (2.58%)
Tyro Conculyst,50.00%,Rare (2.58%)
Ortholyst,50.00%,Rare (2.58%)
Symbilyst,50.00%,Rare (2.58%)
Alad V,100.00%,Rare (2.58%)
Ambulas,50.00%,Rare (2.58%)
Captain Vor,100.00%,Rare (2.58%)
Councilor Vay Hek,100.00%,Rare (2.58%)
Lephantis,100.00%,Rare (2.58%)
Artificer,100.00%,Rare (2.58%)
Commander,100.00%,Rare (2.58%)
Hunhow,50.00%,Rare (2.58%)
Hyena Th,100.00%,Rare (2.58%)
Hyena Ng,100.00%,Rare (2.58%)
Hyena Pb,100.00%,Rare (2.58%)
Hyena Ln2,100.00%,Rare (2.58%)
Mutalist Alad V,100.00%,Rare (2.58%)
J3 Jordas Golem,100.00%,Rare (2.58%)
Jordas Golem,100.00%,Rare (2.58%)
Kela De Thaym,100.00%,Rare (2.58%)
Lt Lech Kril,100.00%,Rare (2.58%)
Phorid,100.00%,Rare (2.58%)
Hyena Pack,100.00%,Rare (2.58%)
Jackal,100.00%,Rare (2.58%)
General Sargas Ruk,100.00%,Rare (2.58%)
Conculyst,50.00%,Rare (2.58%)
Battalyst,50.00%,Rare (2.58%)
Decaying Conculyst,50.00%,Rare (2.58%)
Decaying Battalyst,50.00%,Rare (2.58%)
Stalker,50.00%,Rare (2.58%)
Shadow Stalker,50.00%,Rare (2.58%)
Tyl Regor,100.00%,Rare (2.58%)
Tyl Regor,100.00%,Rare (2.58%)
Councilor Vay Hek,100.00%,Rare (2.58%)
Vay Hek Terra Frame,100.00%,Rare (2.58%)
Corrupted Vor,100.00%,Common (50.00%)
Typholyst,50.00%,Rare (2.58%)
Mimic,25.00%,Rare (2.58%)
Icemire Hyena,100.00%,Rare (2.58%)
Rabbleback Hyena,100.00%,Rare (2.58%)
Gyre Hyena,100.00%,Rare (2.58%)
Cinderthresh Hyena,100.00%,Rare (2.58%)
,,
Goopolla Spleen,Goopolla Spleen,Goopolla Spleen
Source,Resource Drop Chance,Chance
Tusk Thumper Doma,800.00%,Rare (4.17%)
Tusk Thumper Bull,600.00%,Rare (4.17%)
Tusk Thumper,400.00%,Rare (4.17%)
Narmer Thumper Doma,800.00%,Rare (4.17%)
Narmer Thumper Bull,600.00%,Rare (4.17%)
Narmer Thumper,400.00%,Rare (4.17%)
,,
Steel Essence,Steel Essence,Steel Essence
Source,Resource Drop Chance,Chance
Misery,100.00%,Very Common (100.00%)
Angst,100.00%,Very Common (100.00%)
Torment,100.00%,Very Common (100.00%)
Violence,100.00%,Very Common (100.00%)
Malice,100.00%,Very Common (100.00%)
Mania,100.00%,Very Common (100.00%)
Sentient Eidolons (Hard Mode),100.00%,Very Common (100.00%)
,,
Crimzian,Crimzian,Crimzian
Source,Resource Drop Chance,Chance
Tusk Thumper Doma,800.00%,Rare (4.17%)
Tusk Thumper Bull,600.00%,Rare (4.17%)
Tusk Thumper,400.00%,Rare (4.17%)
Narmer Thumper Doma,800.00%,Rare (4.17%)
Narmer Thumper Bull,600.00%,Rare (4.17%)
Narmer Thumper,400.00%,Rare (4.17%)
,,
Tauforged Crimson Archon Shard,Tauforged Crimson Archon Shard,Tauforged Crimson Archon Shard
Source,Resource Drop Chance,Chance
Albrecht Entrati's Netracell (Level 190 - 210),100.00%,Rare (2.50%)
,,
Detonite Injector,Detonite Injector,Detonite Injector
Source,Resource Drop Chance,Chance
Rare Grineer Storage Container,100.00%,Very Common (100.00%)
Reinforced Grineer Storage Container,100.00%,Very Common (100.00%)
,,
Amber Archon Shard,Amber Archon Shard,Amber Archon Shard
Source,Resource Drop Chance,Chance
Albrecht Entrati's Netracell (Level 190 - 210),100.00%,Rare (9.17%)
,,
Iradite,Iradite,Iradite
Source,Resource Drop Chance,Chance
Tusk Thumper Doma,800.00%,Rare (4.17%)
Tusk Thumper Bull,600.00%,Rare (4.17%)
Tusk Thumper,400.00%,Rare (4.17%)
Iradite Formation,100.00%,Very Common (100.00%)
Narmer Thumper Doma,800.00%,Rare (4.17%)
Narmer Thumper Bull,600.00%,Rare (4.17%)
Narmer Thumper,400.00%,Rare (4.17%)
,,
Grokdrul,Grokdrul,Grokdrul
Source,Resource Drop Chance,Chance
Tusk Thumper Doma,800.00%,Rare (4.17%)
Tusk Thumper Bull,600.00%,Rare (4.17%)
Tusk Thumper,400.00%,Rare (4.17%)
Grokdrul Drum,100.00%,Very Common (100.00%)
Narmer Thumper Doma,800.00%,Rare (4.17%)
Narmer Thumper Bull,600.00%,Rare (4.17%)
Narmer Thumper,400.00%,Rare (4.17%)
,,
Murkray Liver,Murkray Liver,Murkray Liver
Source,Resource Drop Chance,Chance
Tusk Thumper Doma,800.00%,Rare (4.17%)
Tusk Thumper Bull,600.00%,Rare (4.17%)
Tusk Thumper,400.00%,Rare (4.17%)
Narmer Thumper Doma,800.00%,Rare (4.17%)
Narmer Thumper Bull,600.00%,Rare (4.17%)
Narmer Thumper,400.00%,Rare (4.17%)
,,
Melee Influence,Melee Influence,Melee Influence
Source,Resource Drop Chance,Chance
Albrecht Entrati's Netracell (Level 190 - 210),100.00%,Rare (5.62%)
,,
Somatic Fibers,Somatic Fibers,Somatic Fibers
Source,Resource Drop Chance,Chance
Demolisher Machinist,15.00%,Very Common (100.00%)
Demolisher Hyena,15.00%,Very Common (100.00%)
Demolisher Anti Moa,15.00%,Very Common (100.00%)
Demolisher Bursa,15.00%,Very Common (100.00%)
,,
Pulsating Tubercles,Pulsating Tubercles,Pulsating Tubercles
Source,Resource Drop Chance,Chance
Demolisher Juggernaut,100.00%,Uncommon (25.00%)
Juggernaut Behemoth,100.00%,Uncommon (25.00%)
Juggernaut,100.00%,Uncommon (25.00%)
Jack O'Naut,100.00%,Uncommon (25.00%)
Polyp-Hog Juggernaut,100.00%,Uncommon (25.00%)
Deimos Juggernaut,100.00%,Uncommon (25.00%)
Deimos Juggernaut,100.00%,Uncommon (25.00%)
,,
Condroc Wing,Condroc Wing,Condroc Wing
Source,Resource Drop Chance,Chance
Common Condroc,100.00%,Very Common (100.00%)
Emperor Condroc,100.00%,Very Common (100.00%)
Rogue Condroc,100.00%,Very Common (100.00%)
Rogue Condroc,100.00%,Very Common (100.00%)
,,
Intact Sentient Core,Intact Sentient Core,Intact Sentient Core
Source,Resource Drop Chance,Chance
Eidolon Vomvalyst,100.00%,Very Common (100.00%)
Mimic,25.00%,Common (48.71%)
,,
Riven Sliver,Riven Sliver,Riven Sliver
Source,Resource Drop Chance,Chance
Eximus Enemy (Hard Mode),7.00%,Uncommon (28.50%)
,,
Zenith Granum Crown,Zenith Granum Crown,Zenith Granum Crown
Source,Resource Drop Chance,Chance
Zenith Granum Crown Cache,100.00%,Very Common (100.00%)
,,
Nullstones,Nullstones,Nullstones
Source,Resource Drop Chance,Chance
Rare Orokin Storage Container (Level 76 - 100),100.00%,Beyond Legendary (Under Review) (0.00%)
Reinforced Orokin Storage Container (Level 76 - 100),100.00%,Beyond Legendary (Under Review) (0.00%)
Apex Membroid (Level 76 - 100),100.00%,Beyond Legendary (Under Review) (0.00%)
,,
Melee Vortex,Melee Vortex,Melee Vortex
Source,Resource Drop Chance,Chance
Albrecht Entrati's Netracell (Level 190 - 210),100.00%,Rare (5.62%)
,,
Calda Toroid,Calda Toroid,Calda Toroid
Source,Resource Drop Chance,Chance
Scyto Raknoid,20.00%,Very Common (100.00%)
Narmer Scyto Raknoid,20.00%,Very Common (100.00%)
Orb Vallis - Enrichment Labs Enemies,11.00%,Uncommon (18.18%)
,,
Yogwun Stomach,Yogwun Stomach,Yogwun Stomach
Source,Resource Drop Chance,Chance
Tusk Thumper Doma,800.00%,Rare (4.17%)
Tusk Thumper Bull,600.00%,Rare (4.17%)
Tusk Thumper,400.00%,Rare (4.17%)
Narmer Thumper Doma,800.00%,Rare (4.17%)
Narmer Thumper Bull,600.00%,Rare (4.17%)
Narmer Thumper,400.00%,Rare (4.17%)
,,
Powercell,Powercell,Powercell
Source,Resource Drop Chance,Chance
Coolant Raknoid,100.00%,Very Common (100.00%)
,,
Melee Animosity,Melee Animosity,Melee Animosity
Source,Resource Drop Chance,Chance
Albrecht Entrati's Netracell (Level 190 - 210),100.00%,Rare (5.62%)
,,
Thermal Sludge,Thermal Sludge,Thermal Sludge
Source,Resource Drop Chance,Chance
Thermal Sludge Cannister,100.00%,Very Common (100.00%)
,,
Devar,Devar,Devar
Source,Resource Drop Chance,Chance
Tusk Thumper Doma,800.00%,Rare (4.17%)
Tusk Thumper Bull,600.00%,Rare (4.17%)
Tusk Thumper,400.00%,Rare (4.17%)
Narmer Thumper Doma,800.00%,Rare (4.17%)
Narmer Thumper Bull,600.00%,Rare (4.17%)
Narmer Thumper,400.00%,Rare (4.17%)
,,
Argon Crystal,Argon Crystal,Argon Crystal
Source,Resource Drop Chance,Chance
Corrupted Vor,100.00%,Common (50.00%)
,,
Grineer Forest Industry Scene,Grineer Forest Industry Scene,Grineer Forest Industry Scene
Source,Resource Drop Chance,Chance
Forgotten Grineer Storage Container (Level 0 - 100),100.00%,Common (33.33%)
Forgotten Grineer Storage Container (Level 0 - 100),100.00%,Common (33.33%)
Forgotten Grineer Storage Container (Level 0 - 100),100.00%,Common (33.33%)
,,
Forma,Forma,Forma
Source,Resource Drop Chance,Chance
Rare Orokin Storage Container,25.00%,Common (50.00%)
Rare Orokin Storage Container,100.00%,Very Common (100.00%)
Reinforced Orokin Storage Container,100.00%,Very Common (100.00%)
Molted Cask,100.00%,Very Common (100.00%)
Ancient Molted Cask,100.00%,Very Common (100.00%)
,,
Orvius Disc,Orvius Disc,Orvius Disc
Source,Resource Drop Chance,Chance
Kuva Jester,5.00%,Very Common (100.00%)
,,
Spectral Debris,Spectral Debris,Spectral Debris
Source,Resource Drop Chance,Chance
Specter Particles,5.00%,Very Common (100.00%)
,,
Azurite,Azurite,Azurite
Source,Resource Drop Chance,Chance
Tusk Thumper Doma,800.00%,Rare (4.17%)
Tusk Thumper Bull,600.00%,Rare (4.17%)
Tusk Thumper,400.00%,Rare (4.17%)
Narmer Thumper Doma,800.00%,Rare (4.17%)
Narmer Thumper Bull,600.00%,Rare (4.17%)
Narmer Thumper,400.00%,Rare (4.17%)
,,
Azure Archon Shard,Azure Archon Shard,Azure Archon Shard
Source,Resource Drop Chance,Chance
Albrecht Entrati's Netracell (Level 190 - 210),100.00%,Rare (9.17%)
,,
Chitinous Husk,Chitinous Husk,Chitinous Husk
Source,Resource Drop Chance,Chance
Demolisher Juggernaut,100.00%,Uncommon (25.00%)
Juggernaut Behemoth,100.00%,Uncommon (25.00%)
Juggernaut,100.00%,Uncommon (25.00%)
Jack O'Naut,100.00%,Uncommon (25.00%)
Polyp-Hog Juggernaut,100.00%,Uncommon (25.00%)
Deimos Juggernaut,100.00%,Uncommon (25.00%)
Deimos Juggernaut,100.00%,Uncommon (25.00%)
,,
Ticor Plate,Ticor Plate,Ticor Plate
Source,Resource Drop Chance,Chance
Gox Scavenger,75.00%,Common (37.94%)
Cannon Battery,80.00%,Common (37.94%)
Taro Crewship,75.00%,Common (37.94%)
Axio Crewship,75.00%,Common (37.94%)
Vorac Crewship,75.00%,Common (37.94%)
Orm Crewship,75.00%,Common (37.94%)
Elite Taro Basilisk,75.00%,Common (37.94%)
Taro Basilisk,75.00%,Common (37.94%)
Elite Orm Basilisk,75.00%,Common (37.94%)
Orm Basilisk,75.00%,Common (37.94%)
Orm Gox,75.00%,Common (37.94%)
Elite Orm Harpi,75.00%,Common (37.94%)
Orm Harpi,75.00%,Common (37.94%)
Elite Orm Weaver,75.00%,Common (37.94%)
Orm Weaver,75.00%,Common (37.94%)
Taro Gox,75.00%,Common (37.94%)
Elite Taro Harpi,75.00%,Common (37.94%)
Taro Harpi,75.00%,Common (37.94%)
Elite Axio Basilisk,75.00%,Common (37.94%)
Axio Basilisk,75.00%,Common (37.94%)
Axio Gox,75.00%,Common (37.94%)
Elite Axio Harpi,75.00%,Common (37.94%)
Axio Harpi,75.00%,Common (37.94%)
Elite Axio Weaver,75.00%,Common (37.94%)
Axio Weaver,75.00%,Common (37.94%)
Elite Taro Weaver,75.00%,Common (37.94%)
Taro Weaver,75.00%,Common (37.94%)
Elite Vorac Basilisk,75.00%,Common (37.94%)
Vorac Basilisk,75.00%,Common (37.94%)
Vorac Gox,75.00%,Common (37.94%)
Elite Vorac Harpi,75.00%,Common (37.94%)
Vorac Harpi,75.00%,Common (37.94%)
Elite Vorac Weaver,75.00%,Common (37.94%)
Vorac Weaver,75.00%,Common (37.94%)
Corpus Ramsled,100.00%,Common (37.94%)
Elite Kosma Flak,75.00%,Common (37.94%)
Kosma Flak,75.00%,Common (37.94%)
Elite Exo Flak,75.00%,Common (37.94%)
Exo Flak,75.00%,Common (37.94%)
Elite Exo Taktis,75.00%,Common (37.94%)
Exo Taktis,80.00%,Common (37.94%)
Exo Outrider,75.00%,Common (37.94%)
Elite Exo Cutter,75.00%,Common (37.94%)
Exo Cutter,75.00%,Common (37.94%)
Elite Kosma Taktis,75.00%,Common (37.94%)
Kosma Taktis,80.00%,Common (37.94%)
Kosma Outrider,75.00%,Common (37.94%)
Elite Kosma Cutter,75.00%,Common (37.94%)
Kosma Cutter,75.00%,Common (50.00%)
Elite Gyre Flak,75.00%,Common (37.94%)
Gyre Flak,75.00%,Common (37.94%)
Elite Gyre Taktis,75.00%,Common (37.94%)
Gyre Taktis,80.00%,Common (37.94%)
Gyre Outrider,75.00%,Common (37.94%)
Elite Gyre Cutter,75.00%,Common (37.94%)
Gyre Cutter,75.00%,Common (50.00%)
Ionyx,75.00%,Uncommon (19.36%)
Gyrix,75.00%,Uncommon (19.36%)
,,
Grineer Forest Factory Scene,Grineer Forest Factory Scene,Grineer Forest Factory Scene
Source,Resource Drop Chance,Chance
Forgotten Grineer Storage Container (Level 0 - 100),100.00%,Common (33.33%)
Forgotten Grineer Storage Container (Level 0 - 100),100.00%,Common (33.33%)
Forgotten Grineer Storage Container (Level 0 - 100),100.00%,Common (33.33%)
,,
Carbides,Carbides,Carbides
Source,Resource Drop Chance,Chance
Common Grineer Storage Container,100.00%,Very Common (100.00%)
Uncommon Grineer Storage Container,200.00%,Very Common (75.88%)
Cannon Battery,80.00%,Common (37.94%)
Orokin Storage Container,100.00%,Very Common (77.44%)
Orokin Storage Container (Level 0 - 50),100.00%,Uncommon (22.47%)
Orokin Storage Container (Level 51 - 75),100.00%,Uncommon (26.84%)
Orokin Storage Container (Level 76 - 100),100.00%,Uncommon (27.33%)
Rare Grineer Storage Container,300.00%,Very Common (75.88%)
Rare Orokin Storage Container (Level 0 - 50),100.00%,Uncommon (25.49%)
Rare Orokin Storage Container (Level 51 - 75),100.00%,Common (45.35%)
Rare Orokin Storage Container (Level 76 - 100),100.00%,Common (37.28%)
Reinforced Grineer Storage Container,400.00%,Very Common (75.88%)
Reinforced Orokin Storage Container (Level 0 - 50),100.00%,Uncommon (24.64%)
Reinforced Orokin Storage Container (Level 51 - 75),100.00%,Common (59.68%)
Reinforced Orokin Storage Container (Level 76 - 100),100.00%,Common (51.19%)
Elite Taro Weaver,75.00%,Common (37.94%)
Elite Kosma Flak,75.00%,Common (37.94%)
Kosma Flak,75.00%,Common (37.94%)
Elite Exo Flak,75.00%,Common (37.94%)
Exo Flak,75.00%,Common (37.94%)
Elite Exo Taktis,75.00%,Common (37.94%)
Exo Taktis,80.00%,Common (37.94%)
Exo Outrider,75.00%,Common (37.94%)
Elite Exo Cutter,75.00%,Common (37.94%)
Exo Cutter,75.00%,Common (37.94%)
Elite Kosma Taktis,75.00%,Common (37.94%)
Kosma Taktis,80.00%,Common (37.94%)
Kosma Outrider,75.00%,Common (37.94%)
Elite Kosma Cutter,75.00%,Common (37.94%)
Elite Gyre Flak,75.00%,Common (37.94%)
Gyre Flak,75.00%,Common (37.94%)
Elite Gyre Taktis,75.00%,Common (37.94%)
Gyre Taktis,80.00%,Common (37.94%)
Gyre Outrider,75.00%,Common (37.94%)
Elite Gyre Cutter,75.00%,Common (37.94%)
Anu Brachiolyst,20.00%,Common (33.33%)
Anu Mantalyst,20.00%,Common (33.33%)
Anu Pyrolyst,20.00%,Common (33.33%)
Anu Symbilyst,20.00%,Common (33.33%)
Ionyx,75.00%,Uncommon (19.36%)
Gyrix,75.00%,Uncommon (19.36%)
Nascent Membroid (Level 0 - 50),100.00%,Uncommon (25.81%)
Nascent Membroid (Level 51 - 75),100.00%,Uncommon (25.81%)
Nascent Membroid (Level 76 - 100),100.00%,Uncommon (25.81%)
Mature Membroid (Level 0 - 50),100.00%,Uncommon (25.49%)
Mature Membroid (Level 51 - 75),100.00%,Common (45.35%)
Mature Membroid (Level 76 - 100),100.00%,Common (37.28%)
Apex Membroid (Level 0 - 50),100.00%,Uncommon (24.64%)
Apex Membroid (Level 51 - 75),100.00%,Common (59.68%)
Apex Membroid (Level 76 - 100),100.00%,Common (51.19%)
Juvenile Membroid (Level 0 - 50),100.00%,Uncommon (22.47%)
Juvenile Membroid (Level 51 - 75),100.00%,Uncommon (26.84%)
Juvenile Membroid (Level 76 - 100),100.00%,Uncommon (27.33%)
,,
Titanium,Titanium,Titanium
Source,Resource Drop Chance,Chance
Orokin Storage Container (Level 0 - 50),100.00%,Uncommon (22.47%)
Orokin Storage Container (Level 51 - 75),100.00%,Uncommon (26.84%)
Orokin Storage Container (Level 76 - 100),100.00%,Common (45.35%)
Rare Orokin Storage Container (Level 0 - 50),100.00%,Uncommon (25.49%)
Rare Orokin Storage Container (Level 51 - 75),100.00%,Uncommon (27.33%)
Rare Orokin Storage Container (Level 76 - 100),100.00%,Uncommon (22.47%)
Reinforced Orokin Storage Container (Level 0 - 50),100.00%,Uncommon (24.64%)
Reinforced Orokin Storage Container (Level 51 - 75),100.00%,Uncommon (20.16%)
Reinforced Orokin Storage Container (Level 76 - 100),100.00%,Uncommon (17.29%)
Anu Brachiolyst,20.00%,Common (33.33%)
Anu Mantalyst,20.00%,Common (33.33%)
Anu Pyrolyst,20.00%,Common (33.33%)
Anu Symbilyst,20.00%,Common (33.33%)
Ionyx,75.00%,Uncommon (19.36%)
Gyrix,75.00%,Uncommon (19.36%)
Nascent Membroid (Level 0 - 50),100.00%,Uncommon (25.81%)
Nascent Membroid (Level 51 - 75),100.00%,Uncommon (25.81%)
Nascent Membroid (Level 76 - 100),100.00%,Uncommon (25.81%)
Mature Membroid (Level 0 - 50),100.00%,Uncommon (25.49%)
Mature Membroid (Level 51 - 75),100.00%,Uncommon (27.33%)
Mature Membroid (Level 76 - 100),100.00%,Uncommon (22.47%)
Apex Membroid (Level 0 - 50),100.00%,Uncommon (24.64%)
Apex Membroid (Level 51 - 75),100.00%,Uncommon (20.16%)
Apex Membroid (Level 76 - 100),100.00%,Uncommon (17.29%)
Juvenile Membroid (Level 0 - 50),100.00%,Uncommon (22.47%)
Juvenile Membroid (Level 51 - 75),100.00%,Uncommon (26.84%)
Juvenile Membroid (Level 76 - 100),100.00%,Common (45.35%)
,,
Fieldron,Fieldron,Fieldron
Source,Resource Drop Chance,Chance
Rare Corpus Storage Container,100.00%,Very Common (100.00%)
Reinforced Corpus Storage Container,100.00%,Very Common (100.00%)
,,
Neurodes,Neurodes,Neurodes
Source,Resource Drop Chance,Chance
Vem Tabook,50.00%,Very Common (100.00%)
Leekter,25.00%,Very Common (100.00%)
Shik Tal,25.00%,Very Common (100.00%)
Zealot Proselytizer,5.00%,Common (50.00%)
Zealot Herald,5.00%,Common (50.00%)
Zealot Baptizer,5.00%,Common (50.00%)
Kuva Larvling,5.00%,Common (50.00%)
Saturn Six Fugitive,5.00%,Common (50.00%)
,,
Melee Fortification,Melee Fortification,Melee Fortification
Source,Resource Drop Chance,Chance
Albrecht Entrati's Netracell (Level 190 - 210),100.00%,Rare (5.62%)
,,
Gallos Rods,Gallos Rods,Gallos Rods
Source,Resource Drop Chance,Chance
Uncommon Grineer Storage Container,200.00%,Uncommon (22.11%)
Orokin Storage Container,100.00%,Uncommon (22.56%)
Orokin Storage Container (Level 51 - 75),100.00%,Uncommon (19.47%)
Rare Grineer Storage Container,300.00%,Uncommon (22.11%)
Rare Orokin Storage Container (Level 51 - 75),100.00%,Beyond Legendary (Under Review) (0.00%)
Reinforced Grineer Storage Container,400.00%,Uncommon (22.11%)
Reinforced Orokin Storage Container (Level 51 - 75),100.00%,Beyond Legendary (Under Review) (0.00%)
Elite Taro Weaver,75.00%,Uncommon (22.11%)
Elite Kosma Flak,75.00%,Uncommon (22.11%)
Kosma Flak,75.00%,Uncommon (22.11%)
Elite Exo Flak,75.00%,Uncommon (22.11%)
Exo Flak,75.00%,Uncommon (22.11%)
Elite Exo Taktis,75.00%,Uncommon (22.11%)
Exo Taktis,80.00%,Uncommon (22.11%)
Exo Outrider,75.00%,Uncommon (22.11%)
Elite Exo Cutter,75.00%,Uncommon (22.11%)
Exo Cutter,75.00%,Uncommon (22.11%)
Elite Kosma Taktis,75.00%,Uncommon (22.11%)
Kosma Outrider,75.00%,Uncommon (22.11%)
Elite Kosma Cutter,75.00%,Uncommon (22.11%)
Elite Gyre Flak,75.00%,Uncommon (22.11%)
Gyre Flak,75.00%,Uncommon (22.11%)
Elite Gyre Taktis,75.00%,Uncommon (22.11%)
Gyre Taktis,80.00%,Uncommon (11.06%)
Gyre Outrider,75.00%,Uncommon (22.11%)
Elite Gyre Cutter,75.00%,Uncommon (22.11%)
Nascent Membroid (Level 51 - 75),100.00%,Uncommon (11.28%)
Nascent Membroid (Level 76 - 100),100.00%,Uncommon (22.56%)
Mature Membroid (Level 51 - 75),100.00%,Beyond Legendary (Under Review) (0.00%)
Apex Membroid (Level 51 - 75),100.00%,Beyond Legendary (Under Review) (0.00%)
Apex Membroid (Level 76 - 100),100.00%,Uncommon (14.24%)
Juvenile Membroid (Level 51 - 75),100.00%,Uncommon (19.47%)
,,
Isos,Isos,Isos
Source,Resource Drop Chance,Chance
Gox Scavenger,75.00%,Uncommon (22.11%)
Uncommon Corpus Storage Container,200.00%,Uncommon (22.56%)
Cannon Battery,80.00%,Uncommon (22.11%)
Orokin Storage Container (Level 0 - 50),100.00%,Uncommon (32.59%)
Orokin Storage Container (Level 76 - 100),100.00%,Beyond Legendary (Under Review) (0.00%)
Rare Corpus Storage Container,300.00%,Uncommon (22.11%)
Rare Orokin Storage Container (Level 0 - 50),100.00%,Uncommon (20.17%)
Reinforced Grineer Storage Container,400.00%,Uncommon (22.11%)
Reinforced Orokin Storage Container (Level 0 - 50),100.00%,Uncommon (20.29%)
Taro Crewship,75.00%,Uncommon (22.11%)
Axio Crewship,75.00%,Uncommon (22.11%)
Vorac Crewship,75.00%,Uncommon (22.11%)
Orm Crewship,75.00%,Uncommon (22.11%)
Elite Taro Basilisk,75.00%,Uncommon (22.11%)
Taro Basilisk,75.00%,Uncommon (22.11%)
Elite Orm Basilisk,75.00%,Uncommon (22.11%)
Orm Basilisk,75.00%,Uncommon (22.11%)
Orm Gox,75.00%,Uncommon (22.11%)
Elite Orm Harpi,75.00%,Uncommon (22.11%)
Orm Harpi,75.00%,Uncommon (22.11%)
Elite Orm Weaver,75.00%,Uncommon (22.11%)
Orm Weaver,75.00%,Uncommon (22.11%)
Taro Gox,75.00%,Uncommon (22.11%)
Elite Taro Harpi,75.00%,Uncommon (22.11%)
Taro Harpi,75.00%,Uncommon (22.11%)
Elite Axio Basilisk,75.00%,Uncommon (22.11%)
Axio Basilisk,75.00%,Uncommon (22.11%)
Axio Gox,75.00%,Uncommon (22.11%)
Elite Axio Harpi,75.00%,Uncommon (22.11%)
Axio Harpi,75.00%,Uncommon (22.11%)
Elite Axio Weaver,75.00%,Uncommon (22.11%)
Axio Weaver,75.00%,Uncommon (22.11%)
Taro Weaver,75.00%,Uncommon (22.11%)
Elite Vorac Basilisk,75.00%,Uncommon (22.11%)
Vorac Basilisk,75.00%,Uncommon (22.11%)
Vorac Gox,75.00%,Uncommon (22.11%)
Elite Vorac Harpi,75.00%,Uncommon (22.11%)
Vorac Harpi,75.00%,Uncommon (22.11%)
Elite Vorac Weaver,75.00%,Uncommon (22.11%)
Vorac Weaver,75.00%,Uncommon (22.11%)
Corpus Ramsled,100.00%,Uncommon (22.11%)
Kosma Taktis,80.00%,Uncommon (22.11%)
Nascent Membroid (Level 0 - 50),100.00%,Uncommon (22.56%)
Mature Membroid (Level 0 - 50),100.00%,Uncommon (20.17%)
Apex Membroid (Level 0 - 50),100.00%,Uncommon (20.29%)
Juvenile Membroid (Level 0 - 50),100.00%,Uncommon (32.59%)
,,
Komms,Komms,Komms
Source,Resource Drop Chance,Chance
Uncommon Grineer Storage Container,200.00%,Rare (2.01%)
Rare Grineer Storage Container,300.00%,Rare (2.01%)
Rare Orokin Storage Container (Level 51 - 75),100.00%,Beyond Legendary (Under Review) (0.00%)
Reinforced Grineer Storage Container,400.00%,Rare (2.01%)
Reinforced Orokin Storage Container (Level 51 - 75),100.00%,Beyond Legendary (Under Review) (0.00%)
Elite Taro Weaver,75.00%,Rare (2.01%)
Elite Kosma Flak,75.00%,Rare (2.01%)
Kosma Flak,75.00%,Rare (2.01%)
Elite Exo Flak,75.00%,Rare (2.01%)
Exo Flak,75.00%,Rare (2.01%)
Elite Exo Taktis,75.00%,Rare (2.01%)
Exo Taktis,80.00%,Rare (2.01%)
Exo Outrider,75.00%,Rare (2.01%)
Elite Exo Cutter,75.00%,Rare (2.01%)
Exo Cutter,75.00%,Rare (2.01%)
Elite Kosma Taktis,75.00%,Rare (2.01%)
Kosma Outrider,75.00%,Rare (2.01%)
Elite Kosma Cutter,75.00%,Rare (2.01%)
Elite Gyre Flak,75.00%,Rare (2.01%)
Gyre Flak,75.00%,Rare (2.01%)
Elite Gyre Taktis,75.00%,Rare (2.01%)
Gyre Taktis,80.00%,Rare (2.01%)
Gyre Outrider,75.00%,Rare (2.01%)
Elite Gyre Cutter,75.00%,Rare (2.01%)
Mature Membroid (Level 51 - 75),100.00%,Beyond Legendary (Under Review) (0.00%)
Mature Membroid (Level 76 - 100),100.00%,Beyond Legendary (Under Review) (0.00%)
Apex Membroid (Level 51 - 75),100.00%,Beyond Legendary (Under Review) (0.00%)
,,
Exemplar Granum Crown,Exemplar Granum Crown,Exemplar Granum Crown
Source,Resource Drop Chance,Chance
Exemplar Granum Crown Cache,100.00%,Very Common (100.00%)
,,
Mortus Horn,Mortus Horn,Mortus Horn
Source,Resource Drop Chance,Chance
Tusk Thumper Doma,800.00%,Rare (4.17%)
Tusk Thumper Bull,600.00%,Rare (4.17%)
Tusk Thumper,400.00%,Rare (4.17%)
Narmer Thumper Doma,800.00%,Rare (4.17%)
Narmer Thumper Bull,600.00%,Rare (4.17%)
Narmer Thumper,400.00%,Rare (4.17%)
,,
Kuaka Spinal Claw,Kuaka Spinal Claw,Kuaka Spinal Claw
Source,Resource Drop Chance,Chance
Plains Kuaka,100.00%,Very Common (100.00%)
Ghost Kuaka,100.00%,Very Common (100.00%)
Ashen Kuaka,100.00%,Very Common (100.00%)
Coastal Mergoo,100.00%,Very Common (100.00%)
Splendid Mergoo,100.00%,Very Common (100.00%)
Woodland Mergoo,100.00%,Very Common (100.00%)
Ashen Kuaka,100.00%,Very Common (100.00%)
,,
Ferros,Ferros,Ferros
Source,Resource Drop Chance,Chance
Tusk Thumper Doma,800.00%,Rare (4.17%)
Tusk Thumper Bull,600.00%,Rare (4.17%)
Tusk Thumper,400.00%,Rare (4.17%)
Narmer Thumper Doma,800.00%,Rare (4.17%)
Narmer Thumper Bull,600.00%,Rare (4.17%)
Narmer Thumper,400.00%,Rare (4.17%)
,,
Cuthol Tendrils,Cuthol Tendrils,Cuthol Tendrils
Source,Resource Drop Chance,Chance
Tusk Thumper Doma,800.00%,Rare (4.17%)
Tusk Thumper Bull,600.00%,Rare (4.17%)
Tusk Thumper,400.00%,Rare (4.17%)
Narmer Thumper Doma,800.00%,Rare (4.17%)
Narmer Thumper Bull,600.00%,Rare (4.17%)
Narmer Thumper,400.00%,Rare (4.17%)
,,
Crimson Archon Shard,Crimson Archon Shard,Crimson Archon Shard
Source,Resource Drop Chance,Chance
Albrecht Entrati's Netracell (Level 190 - 210),100.00%,Rare (9.17%)
,,
Melee Arcane Adapter,Melee Arcane Adapter,Melee Arcane Adapter
Source,Resource Drop Chance,Chance
Albrecht Entrati's Netracell (Level 190 - 210),100.00%,Uncommon (20.00%)
,,
Infected Palpators,Infected Palpators,Infected Palpators
Source,Resource Drop Chance,Chance
Demolisher Juggernaut,100.00%,Uncommon (25.00%)
Juggernaut Behemoth,100.00%,Uncommon (25.00%)
Juggernaut,100.00%,Uncommon (25.00%)
Jack O'Naut,100.00%,Uncommon (25.00%)
Polyp-Hog Juggernaut,100.00%,Uncommon (25.00%)
Deimos Juggernaut,100.00%,Uncommon (25.00%)
Deimos Juggernaut,100.00%,Uncommon (25.00%)
,,
Charc Electroplax,Charc Electroplax,Charc Electroplax
Source,Resource Drop Chance,Chance
Tusk Thumper Doma,800.00%,Rare (4.17%)
Tusk Thumper Bull,600.00%,Rare (4.17%)
Tusk Thumper,400.00%,Rare (4.17%)
Narmer Thumper Doma,800.00%,Rare (4.17%)
Narmer Thumper Bull,600.00%,Rare (4.17%)
Narmer Thumper,400.00%,Rare (4.17%)
,,
Aucrux Capacitors,Aucrux Capacitors,Aucrux Capacitors
Source,Resource Drop Chance,Chance
Gox Scavenger,75.00%,Rare (2.01%)
Cannon Battery,80.00%,Rare (2.01%)
Rare Corpus Storage Container,300.00%,Rare (2.01%)
Rare Orokin Storage Container (Level 0 - 50),100.00%,Rare (3.36%)
Rare Orokin Storage Container (Level 76 - 100),100.00%,Beyond Legendary (Under Review) (0.00%)
Reinforced Grineer Storage Container,400.00%,Rare (2.01%)
Reinforced Orokin Storage Container (Level 0 - 50),100.00%,Rare (5.80%)
Reinforced Orokin Storage Container (Level 76 - 100),100.00%,Beyond Legendary (Under Review) (0.00%)
Taro Crewship,75.00%,Rare (2.01%)
Axio Crewship,75.00%,Rare (2.01%)
Vorac Crewship,75.00%,Rare (2.01%)
Orm Crewship,75.00%,Rare (2.01%)
Elite Taro Basilisk,75.00%,Rare (2.01%)
Taro Basilisk,75.00%,Rare (2.01%)
Elite Orm Basilisk,75.00%,Rare (2.01%)
Orm Basilisk,75.00%,Rare (2.01%)
Orm Gox,75.00%,Rare (2.01%)
Elite Orm Harpi,75.00%,Rare (2.01%)
Orm Harpi,75.00%,Rare (2.01%)
Elite Orm Weaver,75.00%,Rare (2.01%)
Orm Weaver,75.00%,Rare (2.01%)
Taro Gox,75.00%,Rare (2.01%)
Elite Taro Harpi,75.00%,Rare (2.01%)
Taro Harpi,75.00%,Rare (2.01%)
Elite Axio Basilisk,75.00%,Rare (2.01%)
Axio Basilisk,75.00%,Rare (2.01%)
Axio Gox,75.00%,Rare (2.01%)
Elite Axio Harpi,75.00%,Rare (2.01%)
Axio Harpi,75.00%,Rare (2.01%)
Elite Axio Weaver,75.00%,Rare (2.01%)
Axio Weaver,75.00%,Rare (2.01%)
Taro Weaver,75.00%,Rare (2.01%)
Elite Vorac Basilisk,75.00%,Rare (2.01%)
Vorac Basilisk,75.00%,Rare (2.01%)
Vorac Gox,75.00%,Rare (2.01%)
Elite Vorac Harpi,75.00%,Rare (2.01%)
Vorac Harpi,75.00%,Rare (2.01%)
Elite Vorac Weaver,75.00%,Rare (2.01%)
Vorac Weaver,75.00%,Rare (2.01%)
Corpus Ramsled,100.00%,Rare (2.01%)
Kosma Taktis,80.00%,Rare (2.01%)
Mature Membroid (Level 0 - 50),100.00%,Rare (3.36%)
Mature Membroid (Level 76 - 100),100.00%,Beyond Legendary (Under Review) (0.00%)
Apex Membroid (Level 0 - 50),100.00%,Rare (5.80%)
Apex Membroid (Level 76 - 100),100.00%,Beyond Legendary (Under Review) (0.00%)
,,
Karkina Antenna,Karkina Antenna,Karkina Antenna
Source,Resource Drop Chance,Chance
Tusk Thumper Doma,800.00%,Rare (4.17%)
Tusk Thumper Bull,600.00%,Rare (4.17%)
Tusk Thumper,400.00%,Rare (4.17%)
Narmer Thumper Doma,800.00%,Rare (4.17%)
Narmer Thumper Bull,600.00%,Rare (4.17%)
Narmer Thumper,400.00%,Rare (4.17%)
,,
Neural Sensors,Neural Sensors,Neural Sensors
Source,Resource Drop Chance,Chance
Raptor,100.00%,Common (50.00%)
Raptor,10.00%,Common (50.00%)
Raptor Mt,10.00%,Common (50.00%)
Raptor Rv,10.00%,Common (50.00%)
Raptor Ns,10.00%,Common (50.00%)
,,
Melee Exposure,Melee Exposure,Melee Exposure
Source,Resource Drop Chance,Chance
Albrecht Entrati's Netracell (Level 190 - 210),100.00%,Rare (5.62%)
,,
Tellurium,Tellurium,Tellurium
Source,Resource Drop Chance,Chance
Exo Raider,7.00%,Rare (2.58%)
Exo Raider Carver,7.00%,Rare (2.58%)
Exo Raider Eviscerator,7.00%,Rare (2.58%)
Kosma Raider,7.00%,Rare (2.58%)
Kosma Raider Carver,7.00%,Rare (2.58%)
Gyre Raider,7.00%,Rare (2.58%)
Gyre Raider Carver,7.00%,Rare (2.58%)
Gyre Raider Eviscerator,7.00%,Rare (2.58%)
Kosma Raider Eviscerator,7.00%,Rare (2.58%)
Exo Gokstad Officer,7.00%,Rare (2.58%)
Kosma Gokstad Officer,7.00%,Rare (2.58%)
Gyre Gokstad Officer,7.00%,Rare (2.58%)
Kosma Butcher,7.00%,Rare (2.58%)
Exo Butcher,7.00%,Rare (2.58%)
Exo Elite Lancer,7.00%,Rare (2.58%)
Exo Eviscerator,7.00%,Rare (2.58%)
Exo Supressor,7.00%,Rare (2.58%)
Kosma Elite Lancer,7.00%,Rare (2.58%)
Kosma Eviscerator,7.00%,Rare (2.58%)
Gyre Butcher,7.00%,Rare (2.58%)
Gyre Elite Lancer,7.00%,Rare (2.58%)
Gyre Eviscerator,7.00%,Rare (2.58%)
Gyre Supressor,7.00%,Rare (2.58%)
Kosma Supressor,7.00%,Rare (2.58%)
Exo Gokstad Pilot,7.00%,Rare (2.58%)
Kosma Gokstad Pilot,7.00%,Rare (2.58%)
Gyre Gokstad Pilot,7.00%,Rare (2.58%)
Exo Roller Sentry,7.00%,Rare (2.58%)
Gyre Roller Sentry,7.00%,Rare (2.58%)
Kosma Roller Sentry,7.00%,Rare (2.58%)
,,
Severed Bile Sac,Severed Bile Sac,Severed Bile Sac
Source,Resource Drop Chance,Chance
Demolisher Juggernaut,100.00%,Uncommon (25.00%)
Juggernaut Behemoth,100.00%,Uncommon (25.00%)
Juggernaut,100.00%,Uncommon (25.00%)
Jack O'Naut,100.00%,Uncommon (25.00%)
Polyp-Hog Juggernaut,100.00%,Uncommon (25.00%)
Deimos Juggernaut,100.00%,Uncommon (25.00%)
Deimos Juggernaut,100.00%,Uncommon (25.00%)
,,
Melee Retaliation,Melee Retaliation,Melee Retaliation
Source,Resource Drop Chance,Chance
Albrecht Entrati's Netracell (Level 190 - 210),100.00%,Rare (5.62%)
,,
Melee Duplicate,Melee Duplicate,Melee Duplicate
Source,Resource Drop Chance,Chance
Albrecht Entrati's Netracell (Level 190 - 210),100.00%,Rare (5.62%)
,,
Grineer Forest Water Pump Scene,Grineer Forest Water Pump Scene,Grineer Forest Water Pump Scene
Source,Resource Drop Chance,Chance
Forgotten Grineer Storage Container (Level 0 - 100),100.00%,Common (33.33%)
Forgotten Grineer Storage Container (Level 0 - 100),100.00%,Common (33.33%)
Forgotten Grineer Storage Container (Level 0 - 100),100.00%,Common (33.33%)
,,
Region Resource,Region Resource,Region Resource
Source,Resource Drop Chance,Chance
The Sergeant,100.00%,Very Common (97.42%)
Amalgam Moa,10.00%,Uncommon (24.29%)
Amalgam Kucumatz,10.00%,Uncommon (24.29%)
Demolyst Machinist,10.00%,Uncommon (24.29%)
Demolyst Heqet,10.00%,Uncommon (24.29%)
Amalgam Osprey,10.00%,Uncommon (24.29%)
Demolyst Moa,10.00%,Uncommon (24.29%)
Amalgam Satyr,10.00%,Uncommon (24.29%)
Demolyst Osprey,10.00%,Uncommon (24.29%)
Amalgam Alkonost,10.00%,Uncommon (24.29%)
Amalgam Machinist,10.00%,Uncommon (24.29%)
Demolyst Satyr,10.00%,Uncommon (24.29%)
Amalgam Heqet,10.00%,Uncommon (24.29%)
Vapos Tech,7.00%,Very Common (100.00%)
Vapos Sapping Osprey,7.00%,Very Common (100.00%)
Vapos Elite Crewman,7.00%,Very Common (100.00%)
Vapos Tech Ranger,15.00%,Very Common (100.00%)
Vapos Elite Ranger,15.00%,Very Common (100.00%)
Vapos Nullifier Ranger,15.00%,Very Common (100.00%)
Vapos Detron Ranger,15.00%,Very Common (100.00%)
Vapos Sniper Ranger,15.00%,Very Common (100.00%)
Vapos Moa,7.00%,Very Common (100.00%)
Vapos Anti Moa,7.00%,Very Common (100.00%)
Vapos Prod Crewman,7.00%,Very Common (100.00%)
Vapos Nullifier,7.00%,Very Common (100.00%)
Vapos Railgun Moa,7.00%,Very Common (100.00%)
Vapos Crewman,7.00%,Very Common (100.00%)
Vapos Bioengineer,7.00%,Very Common (100.00%)
Vapos Shield Osprey,7.00%,Very Common (100.00%)
Vapos Shockwave Moa,7.00%,Very Common (100.00%)
Vapos Detron Crewman,7.00%,Very Common (100.00%)
Vapos Sniper Crewman,7.00%,Very Common (100.00%)
Vapos Fusion Moa,7.00%,Very Common (100.00%)
Amalgam Cinder Machinist,7.00%,Uncommon (24.29%)
Amalgam Arca Kucumatz,7.00%,Uncommon (24.29%)
Amalgam Arca Heqet,7.00%,Uncommon (24.29%)
Amalgam Phase Moa,7.00%,Uncommon (24.29%)
Amalgam Swarm Satyr,7.00%,Uncommon (24.29%)
Vapos Aquila,7.00%,Very Common (100.00%)
Taro Ranger Crewman,15.00%,Very Common (100.00%)
Optio,7.00%,Very Common (100.00%)
Taro Zerca,7.00%,Very Common (100.00%)
Taro Vambac,7.00%,Very Common (100.00%)
Taro Numon,7.00%,Very Common (100.00%)
Tarask Bursa,7.00%,Very Common (100.00%)
Taro Moa,7.00%,Very Common (100.00%)
Taro Disc Moa,7.00%,Very Common (100.00%)
Taro Elite Crewman,7.00%,Very Common (100.00%)
Taro Stropha Crewman,7.00%,Very Common (100.00%)
Taro Nullifier Crewman,7.00%,Very Common (100.00%)
Axio Nullifier Crewman,7.00%,Very Common (100.00%)
Vorac Nullifier Crewman,7.00%,Very Common (100.00%)
Taro Railgun Moa,7.00%,Very Common (100.00%)
Taro Crewman,7.00%,Very Common (100.00%)
Taro Shield Osprey,7.00%,Very Common (100.00%)
Taro Shockwave Moa,7.00%,Very Common (100.00%)
Taro Detron Crewman,7.00%,Very Common (100.00%)
Taro Pilot,7.00%,Very Common (100.00%)
Aurax Actinic,7.00%,Very Common (100.00%)
Aurax Vertec,7.00%,Very Common (100.00%)
Taro Tech,7.00%,Very Common (100.00%)
Aurax Culveri Moa,10.00%,Uncommon (24.29%)
Aurax Polaris Moa,10.00%,Uncommon (24.29%)
Aurax Baculus,7.00%,Very Common (100.00%)
Taro Engineer,7.00%,Very Common (100.00%)
Orm Zerca,7.00%,Very Common (100.00%)
Orm Vambac,7.00%,Very Common (100.00%)
Orm Numon,7.00%,Very Common (100.00%)
Orm Ranger Crewman,15.00%,Very Common (100.00%)
Orm Moa,7.00%,Very Common (100.00%)
Orm Disc Moa,7.00%,Very Common (100.00%)
Orm Elite Crewman,7.00%,Very Common (100.00%)
Orm Stropha Crewman,7.00%,Very Common (100.00%)
Orm Nullifier Crewman,7.00%,Very Common (100.00%)
Orm Crewman,7.00%,Very Common (100.00%)
Orm Shield Osprey,7.00%,Very Common (100.00%)
Orm Detron Crewman,7.00%,Very Common (100.00%)
Orm Pilot,7.00%,Very Common (100.00%)
Orm Railgun Moa,7.00%,Very Common (100.00%)
Orm Shockwave Moa,7.00%,Very Common (100.00%)
Orm Tech,7.00%,Very Common (100.00%)
Orm Engineer,7.00%,Very Common (100.00%)
Taro Secura Osprey,7.00%,Very Common (100.00%)
Axio Zerca,7.00%,Very Common (100.00%)
Axio Vambac,7.00%,Very Common (100.00%)
Axio Numon,7.00%,Very Common (100.00%)
Axio Ranger Crewman,15.00%,Very Common (100.00%)
Axio Moa,7.00%,Very Common (100.00%)
Axio Disc Moa,7.00%,Very Common (100.00%)
Axio Elite Crewman,7.00%,Very Common (100.00%)
Axio Stropha Crewman,7.00%,Very Common (100.00%)
Axio Crewman,7.00%,Very Common (100.00%)
Axio Shield Osprey,7.00%,Very Common (100.00%)
Axio Detron Crewman,7.00%,Very Common (100.00%)
Axio Pilot,7.00%,Very Common (100.00%)
Axio Railgun Moa,7.00%,Very Common (100.00%)
Axio Shockwave Moa,7.00%,Very Common (100.00%)
Axio Tech,7.00%,Very Common (100.00%)
Axio Engineer,7.00%,Very Common (100.00%)
Vorac Zerca,7.00%,Very Common (100.00%)
Vorac Vambac,7.00%,Very Common (100.00%)
Vorac Numon,7.00%,Very Common (100.00%)
Vorac Ranger Crewman,15.00%,Very Common (100.00%)
Vorac Moa,7.00%,Very Common (100.00%)
Vorac Disc Moa,7.00%,Very Common (100.00%)
Vorac Elite Crewman,7.00%,Very Common (100.00%)
Vorac Stropha Crewman,7.00%,Very Common (100.00%)
Vorac Crewman,7.00%,Very Common (100.00%)
Vorac Shield Osprey,7.00%,Very Common (100.00%)
Vorac Detron Crewman,7.00%,Very Common (100.00%)
Vorac Pilot,7.00%,Very Common (100.00%)
Vorac Railgun Moa,7.00%,Very Common (100.00%)
Vorac Shockwave Moa,7.00%,Very Common (100.00%)
Vorac Tech,7.00%,Very Common (100.00%)
Vorac Engineer,7.00%,Very Common (100.00%)
Tamm,25.00%,Very Common (77.44%)
Leaping Thrasher,7.00%,Very Common (100.00%)
Zealot Proselytizer,5.00%,Common (50.00%)
Zealot Herald,5.00%,Common (50.00%)
Zealot Baptizer,5.00%,Common (50.00%)
Brachiolyst Disperser,10.00%,Very Common (97.42%)
Machinist,7.00%,Very Common (100.00%)
Carrion Charger,7.00%,Very Common (100.00%)
Corrupted Drahk Master,7.00%,Very Common (100.00%)
Corrupted Drahk,25.00%,Very Common (77.44%)
Corrupted Power Carrier,7.00%,Very Common (100.00%)
Derivator Crewman,7.00%,Very Common (100.00%)
Demolisher Devourer,15.00%,Very Common (74.75%)
Demolisher Devourer,15.00%,Uncommon (25.25%)
Demolisher Expired,15.00%,Very Common (74.75%)
Demolisher Expired,15.00%,Uncommon (25.25%)
Demolisher Boiler,15.00%,Very Common (74.75%)
Demolisher Boiler,15.00%,Uncommon (25.25%)
Demolisher Machinist,15.00%,Very Common (74.75%)
Demolisher Machinist,15.00%,Uncommon (25.25%)
Demolisher Bailiff,15.00%,Very Common (74.75%)
Demolisher Bailiff,15.00%,Uncommon (25.25%)
Demolisher Hyena,15.00%,Very Common (74.75%)
Demolisher Hyena,15.00%,Uncommon (25.25%)
Demolisher Thrasher,15.00%,Very Common (74.75%)
Demolisher Thrasher,15.00%,Uncommon (25.25%)
Demolisher Anti Moa,15.00%,Very Common (74.75%)
Demolisher Anti Moa,15.00%,Uncommon (25.25%)
Demolisher Heavy Gunner,15.00%,Very Common (74.75%)
Demolisher Heavy Gunner,15.00%,Uncommon (25.25%)
Demolisher Nox,15.00%,Very Common (74.75%)
Demolisher Nox,15.00%,Uncommon (25.25%)
Demolisher Charger,15.00%,Very Common (74.75%)
Demolisher Charger,15.00%,Uncommon (25.25%)
Demolisher Bursa,15.00%,Very Common (74.75%)
Demolisher Bursa,15.00%,Uncommon (25.25%)
Tusk Elite Lancer,7.00%,Very Common (100.00%)
Tusk Eviscerator,7.00%,Very Common (100.00%)
Tusk Napalm,7.00%,Very Common (100.00%)
Tusk Heavy Gunner,7.00%,Very Common (100.00%)
Tusk Bombard,7.00%,Very Common (100.00%)
Tusk Reaver,7.00%,Very Common (100.00%)
Tusk Hellion,7.00%,Very Common (100.00%)
Tusk Hellion,7.00%,Very Common (100.00%)
Tusk Lancer,7.00%,Very Common (100.00%)
Tusk Shield Lancer,7.00%,Very Common (100.00%)
Tusk Trooper,7.00%,Very Common (100.00%)
Tusk Seeker,7.00%,Very Common (100.00%)
Tusk Roller,7.00%,Very Common (100.00%)
Tusk Flameblade,7.00%,Very Common (100.00%)
Tusk Butcher,7.00%,Very Common (100.00%)
Tusk Shield Dargyn,7.00%,Very Common (100.00%)
Tusk Shield Dargyn,7.00%,Very Common (100.00%)
Tusk Dargyn,7.00%,Very Common (100.00%)
Tusk Dargyn,7.00%,Very Common (100.00%)
Tusk Ballista,7.00%,Very Common (100.00%)
Tusk Mortar Bombard,7.00%,Very Common (100.00%)
Tusk Predator,7.00%,Very Common (100.00%)
Dargyn Pilot,7.00%,Very Common (100.00%)
Plains Commander,7.00%,Very Common (100.00%)
Aerial Commander,7.00%,Very Common (100.00%)
Tusk Command Dargyn,7.00%,Very Common (100.00%)
Recon Commander,7.00%,Very Common (100.00%)
Elite Shield Lancer,7.00%,Very Common (100.00%)
Erra,50.00%,Very Common (97.42%)
Orphid Husks,7.00%,Very Common (100.00%)
Kuva Hyekka,25.00%,Very Common (77.44%)
Kuva Trokarian,7.00%,Very Common (100.00%)
Undying Flyer,7.00%,Very Common (100.00%)
Nightwatch Reaver,7.00%,Very Common (100.00%)
Kuva Larvling,5.00%,Common (50.00%)
Ratel,7.00%,Very Common (100.00%)
Minima Moa,7.00%,Very Common (100.00%)
Nightwatch Bailiff,7.00%,Very Common (100.00%)
Nightwatch Gunner,7.00%,Very Common (100.00%)
Nightwatch Carrier,7.00%,Very Common (100.00%)
Nightwatch Flameblade,7.00%,Very Common (100.00%)
Nightwatch Hyekka Master,7.00%,Very Common (100.00%)
Nightwatch Lancer,7.00%,Very Common (100.00%)
Nightwatch Powerclaw,7.00%,Very Common (100.00%)
Nightwatch Seeker,7.00%,Very Common (100.00%)
Nightwatch Brunt Lancer,7.00%,Very Common (100.00%)
Aerolyst,50.00%,Very Common (97.42%)
Brachiolyst,10.00%,Very Common (97.42%)
Summulyst,50.00%,Very Common (97.42%)
Tyro Battalyst,50.00%,Very Common (100.00%)
Tyro Conculyst,50.00%,Very Common (97.42%)
Tyro Conculyst,50.00%,Very Common (100.00%)
Ortholyst,50.00%,Very Common (97.42%)
Symbilyst,50.00%,Very Common (97.42%)
Juno Fog Comba,7.00%,Very Common (100.00%)
Juno Sap Comba,7.00%,Very Common (100.00%)
Juno Nul Comba,7.00%,Very Common (100.00%)
Juno Slo Comba,7.00%,Very Common (100.00%)
Juno Elite Crewman,7.00%,Very Common (100.00%)
Juno Crewman,7.00%,Very Common (100.00%)
Juno Nullifier Crewman,7.00%,Very Common (100.00%)
Juno Sniper Crewman,7.00%,Very Common (100.00%)
Juno Tech,7.00%,Very Common (100.00%)
Juno Malleus Machinist,7.00%,Very Common (100.00%)
Juno Dera Moa,7.00%,Very Common (100.00%)
Juno Disc Moa,7.00%,Very Common (100.00%)
Juno Geminex Moa,7.00%,Very Common (100.00%)
Juno Glaxion Moa,7.00%,Very Common (100.00%)
Juno Jactus Osprey,7.00%,Very Common (100.00%)
Juno Shield Osprey,7.00%,Very Common (100.00%)
Test Moa,7.00%,Very Common (100.00%)
Terra Jackal,15.00%,Very Common (100.00%)
Vomvalyst,50.00%,Very Common (100.00%)
Zealoid Prelate,5.00%,Very Common (97.42%)
Saturn Six Fugitive,5.00%,Common (50.00%)
Wolf Of Saturn Six,5.00%,Very Common (97.42%)
Wolf Of Saturn Six,5.00%,Very Common (97.42%)
Guardsman,7.00%,Very Common (100.00%)
Arcane Boiler,7.00%,Very Common (100.00%)
Nauseous Void Shade,7.00%,Very Common (100.00%)
Void Shade,7.00%,Very Common (100.00%)
Alad V,100.00%,Very Common (97.42%)
Attack Drone,7.00%,Very Common (100.00%)
Attack Drone,7.00%,Very Common (100.00%)
Ambulas,50.00%,Very Common (97.42%)
Remech Osprey,7.00%,Very Common (100.00%)
Captain Vor,100.00%,Very Common (97.42%)
Mutalist Osprey Carrier,7.00%,Very Common (100.00%)
Nox,7.00%,Very Common (100.00%)
Drover Bursa,7.00%,Very Common (100.00%)
Datalyst,7.00%,Very Common (100.00%)
Corvette,7.00%,Very Common (100.00%)
Ranger,7.00%,Very Common (100.00%)
Quanta Ranger,7.00%,Very Common (100.00%)
Penta Ranger,7.00%,Very Common (100.00%)
Frigate,7.00%,Very Common (100.00%)
Common Corpus Storage Container,25.00%,Very Common (77.44%)
Common Corpus Storage Container,25.00%,Very Common (75.88%)
Uncommon Corpus Storage Container,25.00%,Very Common (77.44%)
Uncommon Corpus Storage Container,25.00%,Very Common (75.88%)
Lynx,100.00%,Very Common (100.00%)
Gox,7.00%,Very Common (100.00%)
Cannon Battery,7.00%,Very Common (100.00%)
Locust Drone,7.00%,Very Common (100.00%)
Carrier,7.00%,Very Common (100.00%)
Corrupted Ancient,4.00%,Very Common (100.00%)
Corrupted Crewman,7.00%,Very Common (100.00%)
Corrupted Heavy Gunner,7.00%,Very Common (100.00%)
Corrupted Lancer,7.00%,Very Common (100.00%)
Corrupted Moa,7.00%,Very Common (100.00%)
Councilor Vay Hek,100.00%,Very Common (97.42%)
Corpus Power Carrier,7.00%,Very Common (100.00%)
Corpus Power Carrier,15.00%,Very Common (100.00%)
Corpus Tech,7.00%,Very Common (100.00%)
Abandoned Storage Container,25.00%,Very Common (100.00%)
Sapping Osprey,7.00%,Very Common (100.00%)
Isolator Bursa,7.00%,Very Common (100.00%)
Nervo,7.00%,Very Common (100.00%)
Elite Lancer,7.00%,Very Common (100.00%)
Eviscerator,7.00%,Very Common (100.00%)
Elite Crewman,7.00%,Very Common (100.00%)
Kavat,25.00%,Very Common (77.44%)
Kubrow,25.00%,Very Common (77.44%)
Kuva Elite Lancer,7.00%,Very Common (100.00%)
Kuva Eviscerator,7.00%,Very Common (100.00%)
Kuva Drahk Master,7.00%,Very Common (100.00%)
Kuva Napalm,7.00%,Very Common (100.00%)
Kuva Heavy Gunner,7.00%,Very Common (100.00%)
Kuva Bombard,7.00%,Very Common (100.00%)
Kuva Hyekka Master,7.00%,Very Common (100.00%)
Kuva Scorch,7.00%,Very Common (100.00%)
Kuva Hellion Carrier,7.00%,Very Common (100.00%)
Kuva Hellion,7.00%,Very Common (100.00%)
Kuva Drahk,25.00%,Very Common (77.44%)
Kuva Lancer,7.00%,Very Common (100.00%)
Kuva Shield Lancer,7.00%,Very Common (100.00%)
Kuva Trooper,7.00%,Very Common (100.00%)
Kuva Seeker,7.00%,Very Common (100.00%)
Kuva Roller,7.00%,Very Common (100.00%)
Kuva Flameblade,7.00%,Very Common (100.00%)
Kuva Butcher,7.00%,Very Common (100.00%)
Kuva Powerclaw,7.00%,Very Common (100.00%)
Kuva Ballista,7.00%,Very Common (100.00%)
Kuva Power Carrier,7.00%,Very Common (100.00%)
Kuva Scorpion,7.00%,Very Common (100.00%)
Draga,7.00%,Very Common (100.00%)
Fusion Moa,7.00%,Very Common (100.00%)
Ghoul Devourer,7.00%,Very Common (100.00%)
Ghoul Auger,7.00%,Very Common (100.00%)
Ghoul Auger Alpha,7.00%,Very Common (100.00%)
Ghoul Expired,7.00%,Very Common (100.00%)
Ghoul Rictus Alpha,7.00%,Very Common (100.00%)
Lephantis,100.00%,Very Common (97.42%)
Infested Corpus,100.00%,Very Common (100.00%)
Ancient Infested,100.00%,Very Common (100.00%)
Infested Grineer,100.00%,Very Common (100.00%)
Artificer,100.00%,Very Common (97.42%)
Drahk Master,7.00%,Very Common (100.00%)
Arid Butcher,7.00%,Very Common (100.00%)
Frontier Butcher,7.00%,Very Common (100.00%)
Napalm,7.00%,Very Common (100.00%)
Heavy Gunner,7.00%,Very Common (100.00%)
Arid Heavy Gunner,7.00%,Very Common (100.00%)
Bombard,7.00%,Very Common (100.00%)
Hyekka Master,7.00%,Very Common (100.00%)
Frontier Bailiff,7.00%,Very Common (100.00%)
Bailiff,7.00%,Very Common (100.00%)
Bailiff,7.00%,Very Common (100.00%)
Hyekka,25.00%,Very Common (77.44%)
Ogma,12.50%,Very Common (100.00%)
Bailiff Defector,7.00%,Very Common (100.00%)
Elite Arid Lancer,7.00%,Very Common (100.00%)
Elite Frontier Lancer,7.00%,Very Common (100.00%)
Arid Eviscerator,7.00%,Very Common (100.00%)
Frontier Eviscerator,7.00%,Very Common (100.00%)
Scorch,7.00%,Very Common (100.00%)
Kuva Dargyn,7.00%,Very Common (100.00%)
Frontier Heavy Gunner,7.00%,Very Common (100.00%)
Hellion Power Carrier,7.00%,Very Common (100.00%)
Hellion Power Carrier,7.00%,Very Common (100.00%)
Arid Hellion,7.00%,Very Common (100.00%)
Frontier Hellion,7.00%,Very Common (100.00%)
Sprag,100.00%,Very Common (100.00%)
Hellion,7.00%,Very Common (100.00%)
Ven'Kra Tel,100.00%,Very Common (100.00%)
Drahk,25.00%,Very Common (77.44%)
Lancer,7.00%,Very Common (100.00%)
Shield Lancer,7.00%,Very Common (100.00%)
Trooper,7.00%,Very Common (100.00%)
Lancer Dreg,7.00%,Very Common (100.00%)
Commander,100.00%,Very Common (97.42%)
Commander,7.00%,Very Common (100.00%)
Common Grineer Storage Container,25.00%,Very Common (77.44%)
Common Grineer Storage Container,25.00%,Very Common (100.00%)
Common Grineer Storage Container,25.00%,Very Common (77.44%)
Uncommon Grineer Storage Container,25.00%,Very Common (77.44%)
Uncommon Grineer Storage Container,25.00%,Very Common (75.88%)
Uncommon Grineer Storage Container,25.00%,Very Common (97.42%)
Manic Bombard,7.00%,Very Common (100.00%)
Arid Seeker,7.00%,Very Common (100.00%)
Frontier Seeker,7.00%,Very Common (100.00%)
Zeplen,7.00%,Very Common (100.00%)
Shield-Hellion Dargyn,7.00%,Very Common (100.00%)
Hellion Dargyn,7.00%,Very Common (100.00%)
Seeker,7.00%,Very Common (100.00%)
Frontier Regulator,7.00%,Very Common (100.00%)
Regulator,7.00%,Very Common (100.00%)
Arid Lancer,7.00%,Very Common (100.00%)
Frontier Lancer,7.00%,Very Common (100.00%)
Roller,7.00%,Very Common (100.00%)
Roller Sentry,7.00%,Very Common (100.00%)
Flameblade,7.00%,Very Common (100.00%)
Butcher,7.00%,Very Common (100.00%)
Powerfist,7.00%,Very Common (100.00%)
Shield Dargyn,7.00%,Very Common (100.00%)
Arid Trooper,7.00%,Very Common (100.00%)
Frontier Trooper,7.00%,Very Common (100.00%)
Dargyn,7.00%,Very Common (100.00%)
Ballista,7.00%,Very Common (100.00%)
Dreg,7.00%,Very Common (100.00%)
Grineer Power Carrier,7.00%,Very Common (100.00%)
Hunhow,50.00%,Very Common (97.42%)
Hyena Th,100.00%,Very Common (97.42%)
Hyena Ng,100.00%,Very Common (97.42%)
Hyena Pb,100.00%,Very Common (97.42%)
Hyena Ln2,100.00%,Very Common (97.42%)
Mutalist Alad V,100.00%,Very Common (97.42%)
Brood Mother,7.00%,Very Common (100.00%)
Ancient Disruptor,7.00%,Very Common (100.00%)
Ancient Healer,7.00%,Very Common (100.00%)
Boiler,7.00%,Very Common (100.00%)
Venin Mutalist,7.00%,Very Common (100.00%)
Nauseous Crawler,7.00%,Very Common (100.00%)
Lobber Crawler,7.00%,Very Common (100.00%)
Leaper,7.00%,Very Common (100.00%)
Electric Crawler,7.00%,Very Common (100.00%)
Crawler,7.00%,Very Common (100.00%)
Charger,7.00%,Very Common (100.00%)
Infested Mesa,4.00%,Very Common (100.00%)
Tar Mutalist Moa,7.00%,Very Common (100.00%)
Swarm Mutalist Moa,7.00%,Very Common (100.00%)
Toxic Crawler,7.00%,Very Common (100.00%)
Attack Mutalist,7.00%,Very Common (100.00%)
Mutalist Lightning Carrier,7.00%,Very Common (100.00%)
Mutalist Toxic Carrier,7.00%,Very Common (100.00%)
Volatile Runner,7.00%,Very Common (100.00%)
Toxic Ancient,7.00%,Very Common (100.00%)
Darek Draga,7.00%,Very Common (100.00%)
J3 Jordas Golem,100.00%,Very Common (97.42%)
Jordas Golem,100.00%,Very Common (97.42%)
Kela De Thaym,100.00%,Very Common (97.42%)
Armored Roller,7.00%,Very Common (100.00%)
Moa,7.00%,Very Common (100.00%)
Anti Moa,7.00%,Very Common (100.00%)
Leech Osprey,7.00%,Very Common (100.00%)
Lt Lech Kril,100.00%,Very Common (97.42%)
Scorpion,7.00%,Very Common (100.00%)
Grineer Manic,7.00%,Very Common (100.00%)
Grineer Manic,7.00%,Very Common (100.00%)
Storage Container,25.00%,Very Common (75.88%)
Dusty Storage Container,25.00%,Very Common (77.44%)
Dusty Storage Crate,25.00%,Very Common (75.88%)
Prod Crewman,7.00%,Very Common (100.00%)
Mine Osprey,7.00%,Very Common (100.00%)
Nul Comba,7.00%,Very Common (100.00%)
Nul Comba,15.00%,Very Common (100.00%)
Nul Scrambus,7.00%,Very Common (100.00%)
Sap Comba,7.00%,Very Common (100.00%)
Sap Comba,15.00%,Very Common (100.00%)
Sap Scrambus,7.00%,Very Common (100.00%)
Slo Comba,7.00%,Very Common (100.00%)
Slo Comba,15.00%,Very Common (100.00%)
Slo Scrambus,7.00%,Very Common (100.00%)
Fog Comba,7.00%,Very Common (100.00%)
Fog Comba,15.00%,Very Common (100.00%)
Fog Scrambus,7.00%,Very Common (100.00%)
Nullifier Crewman,7.00%,Very Common (100.00%)
Corrupted Butcher,7.00%,Very Common (100.00%)
Corrupted Bombard,7.00%,Very Common (100.00%)
Orokin Drone,7.00%,Very Common (100.00%)
Orokin Storage Container,25.00%,Very Common (75.88%)
Orokin Storage Container,25.00%,Very Common (75.88%)
Orokin Storage Container,25.00%,Very Common (75.88%)
Survival Storage Container,25.00%,Very Common (75.88%)
Corrupted Nullifier,7.00%,Very Common (100.00%)
Phorid,100.00%,Very Common (97.42%)
Denial Bursa,7.00%,Very Common (100.00%)
Courier,7.00%,Very Common (100.00%)
Turret,7.00%,Very Common (100.00%)
Hyena Pack,100.00%,Very Common (97.42%)
Jackal,100.00%,Very Common (97.42%)
Jackal,15.00%,Very Common (100.00%)
Railgun Moa,7.00%,Very Common (100.00%)
Raptor,100.00%,Common (50.00%)
Raptor,10.00%,Common (50.00%)
Raptor Mt,10.00%,Common (50.00%)
Raptor Rv,10.00%,Common (50.00%)
Raptor Ns,10.00%,Common (50.00%)
Rare Orokin Storage Container,25.00%,Common (50.00%)
Crewman,7.00%,Very Common (100.00%)
General Sargas Ruk,100.00%,Very Common (97.42%)
Scavenger Drone,7.00%,Very Common (100.00%)
Drekar Butcher,7.00%,Very Common (100.00%)
Drekar Elite Lancer,7.00%,Very Common (100.00%)
Drekar Eviscerator,7.00%,Very Common (100.00%)
Drekar Heavy Gunner,7.00%,Very Common (100.00%)
Drekar Scorpion,7.00%,Very Common (100.00%)
Drekar Ballista,7.00%,Very Common (100.00%)
Drekar Seeker,7.00%,Very Common (100.00%)
Drekar Hellion,100.00%,Very Common (100.00%)
Drekar Manic,7.00%,Very Common (100.00%)
Drekar Manic Bombard,7.00%,Very Common (100.00%)
Drekar Lancer,7.00%,Very Common (100.00%)
Drekar Trooper,7.00%,Very Common (100.00%)
Sensor Regulator,7.00%,Very Common (100.00%)
Orokin Spectator,7.00%,Very Common (100.00%)
Conculyst,50.00%,Very Common (97.42%)
Battalyst,50.00%,Very Common (97.42%)
Decaying Conculyst,50.00%,Very Common (97.42%)
Decaying Battalyst,50.00%,Very Common (97.42%)
Shield Osprey,7.00%,Very Common (100.00%)
Shock Draga,7.00%,Very Common (100.00%)
Shockwave Moa,7.00%,Very Common (100.00%)
Detron Crewman,7.00%,Very Common (100.00%)
Sniper Crewman,7.00%,Very Common (100.00%)
Stalker,50.00%,Very Common (97.42%)
Shadow Stalker,50.00%,Very Common (97.42%)
Latcher,7.00%,Very Common (100.00%)
Tenno Specter,4.00%,Very Common (100.00%)
Mutalist Osprey,7.00%,Very Common (100.00%)
Tyl Regor,100.00%,Very Common (97.42%)
Tyl Regor,100.00%,Very Common (97.42%)
Councilor Vay Hek,100.00%,Very Common (97.42%)
Vay Hek Terra Frame,100.00%,Very Common (97.42%)
Rathuum Broadcaster,7.00%,Very Common (100.00%)
Corpus Warden,7.00%,Very Common (100.00%)
Corrupted Warden,7.00%,Very Common (100.00%)
Grineer Warden,7.00%,Very Common (100.00%)
Sikula,7.00%,Very Common (100.00%)
Deimos Therid,7.00%,Very Common (100.00%)
Deimos Leaping Thrasher,7.00%,Very Common (100.00%)
Deimos Carnis,7.00%,Very Common (100.00%)
Deimos Carnis,7.00%,Very Common (100.00%)
Deimos Carnis Rex,7.00%,Very Common (100.00%)
Deimos Jugulus,7.00%,Very Common (100.00%)
Deimos Jugulus Rex,7.00%,Very Common (100.00%)
Deimos Mutalist Osprey Carrier,7.00%,Very Common (100.00%)
Deimos Saxum Rex,7.00%,Very Common (100.00%)
Latrox Une,7.00%,Very Common (100.00%)
Deimos Brood Mother,7.00%,Very Common (100.00%)
Lancer Survivor,7.00%,Very Common (100.00%)
Trooper Survivor,7.00%,Very Common (100.00%)
Deimos Ancient Healer,7.00%,Very Common (100.00%)
Deimos Venin Mutalist,7.00%,Very Common (100.00%)
Deimos Saxum,7.00%,Very Common (100.00%)
Deimos Saxum,7.00%,Very Common (100.00%)
Deimos Tendril Drone,7.00%,Very Common (100.00%)
Deimos Leaper,7.00%,Very Common (100.00%)
Deimos Runner,7.00%,Very Common (100.00%)
Garv,7.00%,Very Common (100.00%)
Deimos Swarm Mutalist Moa,7.00%,Very Common (100.00%)
Deimos Charger,7.00%,Very Common (100.00%)
Basal Diploid,7.00%,Very Common (100.00%)
Basal Diploid Rex,7.00%,Very Common (100.00%)
Feral Diploid,7.00%,Very Common (100.00%)
Feral Diploid Rex,7.00%,Very Common (100.00%)
Narmer Butcher,7.00%,Very Common (100.00%)
Narmer Flameblade,7.00%,Very Common (100.00%)
Narmer Bombard,7.00%,Very Common (100.00%)
Narmer Commander,7.00%,Very Common (100.00%)
Narmer Observation Drone,7.00%,Very Common (100.00%)
Narmer Power Carrier,7.00%,Very Common (100.00%)
Narmer Detron Crewman,7.00%,Very Common (100.00%)
Narmer Dera Moa,7.00%,Very Common (100.00%)
Narmer Disc Moa,7.00%,Very Common (100.00%)
Narmer Elite Ranger,15.00%,Very Common (100.00%)
Narmer Geminex Moa,7.00%,Very Common (100.00%)
Narmer Glaxion Moa,7.00%,Very Common (100.00%)
Narmer Jailer,15.00%,Very Common (100.00%)
Narmer Leech Osprey,7.00%,Very Common (100.00%)
Narmer Mine Osprey,7.00%,Very Common (100.00%)
Narmer Mine Osprey,7.00%,Very Common (100.00%)
Narmer Nullifier Crewman,7.00%,Very Common (100.00%)
Narmer Nullifier Ranger,15.00%,Very Common (100.00%)
Narmer Prod Crewman,7.00%,Very Common (100.00%)
Narmer Detron Ranger,15.00%,Very Common (100.00%)
Narmer Sapping Osprey,7.00%,Very Common (100.00%)
Narmer Scavenger Drone,7.00%,Very Common (100.00%)
Narmer Shield Osprey,7.00%,Very Common (100.00%)
Narmer Shield Osprey,7.00%,Very Common (100.00%)
Narmer Shockwave Moa,7.00%,Very Common (100.00%)
Narmer Sniper Crewman,7.00%,Very Common (100.00%)
Narmer Sniper Ranger,15.00%,Very Common (100.00%)
Narmer Corpus Tech,7.00%,Very Common (100.00%)
Narmer Tech Ranger,15.00%,Very Common (100.00%)
Narmer Crewman Warden,7.00%,Very Common (100.00%)
Narmer Crewman,7.00%,Very Common (100.00%)
Narmer Crewman,7.00%,Very Common (100.00%)
Narmer Sensolyst Drone,7.00%,Very Common (100.00%)
Narmer Demolisher Expired,15.00%,Very Common (74.75%)
Narmer Demolisher Expired,15.00%,Uncommon (25.25%)
Narmer Demolisher Bailiff,15.00%,Very Common (74.75%)
Narmer Demolisher Bailiff,15.00%,Uncommon (25.25%)
Narmer Demolisher Gunner,15.00%,Very Common (74.75%)
Narmer Demolisher Gunner,15.00%,Uncommon (25.25%)
Narmer Elite Crewman,7.00%,Very Common (100.00%)
Narmer Elite Lancer,7.00%,Very Common (100.00%)
Narmer Ballista,7.00%,Very Common (100.00%)
Narmer Scorch,7.00%,Very Common (100.00%)
Narmer Gunner Warden,7.00%,Very Common (100.00%)
Narmer Heavy Gunner,7.00%,Very Common (100.00%)
Narmer Napalm,7.00%,Very Common (100.00%)
Narmer Hellion,7.00%,Very Common (100.00%)
Narmer Lancer,7.00%,Very Common (100.00%)
Narmer Scorpion,7.00%,Very Common (100.00%)
Narmer Machinist,7.00%,Very Common (100.00%)
Narmer Seeker,7.00%,Very Common (100.00%)
Narmer Powerfist,7.00%,Very Common (100.00%)
Narmer Regulator,7.00%,Very Common (100.00%)
Narmer Shield Lancer,7.00%,Very Common (100.00%)
Narmer Trooper,7.00%,Very Common (100.00%)
Narmer Tech,7.00%,Very Common (100.00%)
Narmer Osprey,7.00%,Very Common (100.00%)
Narmer Coildrive,7.00%,Very Common (100.00%)
Typholyst,50.00%,Very Common (97.42%)
Breacher Moa,7.00%,Very Common (100.00%)
Striker Moa,7.00%,Very Common (100.00%)
Shield Drone,7.00%,Very Common (100.00%)
Pyr Captain,7.00%,Very Common (100.00%)
Glacik Commander,7.00%,Very Common (100.00%)
Lektro Commander,7.00%,Very Common (100.00%)
Blite Captain,7.00%,Very Common (100.00%)
Comet Shard,7.00%,Very Common (100.00%)
Exo Raider,7.00%,Very Common (97.42%)
Exo Raider Carver,7.00%,Very Common (97.42%)
Exo Raider Eviscerator,7.00%,Very Common (97.42%)
Kosma Raider,7.00%,Very Common (97.42%)
Kosma Raider Carver,7.00%,Very Common (97.42%)
Gyre Raider,7.00%,Very Common (97.42%)
Gyre Raider Carver,7.00%,Very Common (97.42%)
Gyre Raider Eviscerator,7.00%,Very Common (97.42%)
Kosma Raider Eviscerator,7.00%,Very Common (97.42%)
Exo Gokstad Officer,7.00%,Very Common (97.42%)
Kosma Gokstad Officer,7.00%,Very Common (97.42%)
Gyre Gokstad Officer,7.00%,Very Common (97.42%)
Kosma Butcher,7.00%,Very Common (97.42%)
Exo Butcher,7.00%,Very Common (97.42%)
Exo Elite Lancer,7.00%,Very Common (97.42%)
Exo Eviscerator,7.00%,Very Common (97.42%)
Exo Supressor,7.00%,Very Common (97.42%)
Kosma Elite Lancer,7.00%,Very Common (97.42%)
Kosma Eviscerator,7.00%,Very Common (97.42%)
Gyre Butcher,7.00%,Very Common (97.42%)
Gyre Elite Lancer,7.00%,Very Common (97.42%)
Gyre Eviscerator,7.00%,Very Common (97.42%)
Gyre Supressor,7.00%,Very Common (97.42%)
Kosma Supressor,7.00%,Very Common (97.42%)
Kuva Lich Agor Rok,7.00%,Very Common (100.00%)
Exo Gokstad Pilot,7.00%,Very Common (97.42%)
Kosma Gokstad Pilot,7.00%,Very Common (97.42%)
Gyre Gokstad Pilot,7.00%,Very Common (97.42%)
Exo Roller Sentry,7.00%,Very Common (97.42%)
Gyre Roller Sentry,7.00%,Very Common (97.42%)
Kosma Roller Sentry,7.00%,Very Common (97.42%)
Mimic,25.00%,Common (48.71%)
Polished Storage Container,25.00%,Very Common (77.44%)
Polished Storage Crate,25.00%,Very Common (75.88%)
Observation Drone,7.00%,Very Common (100.00%)
Special Duty Coildrive,7.00%,Very Common (100.00%)
Thermic Raknoid,15.00%,Very Common (100.00%)
Terra Ambulas,15.00%,Very Common (100.00%)
Terra Manker,15.00%,Very Common (100.00%)
Terra Manker,15.00%,Very Common (100.00%)
Armaments Director,15.00%,Very Common (100.00%)
Vivisect Director,15.00%,Very Common (100.00%)
Sentient Research Director,15.00%,Very Common (100.00%)
Vallis Surveillance Drone,7.00%,Very Common (100.00%)
Terra Detron Crewman,15.00%,Very Common (100.00%)
Terra Attack Drone,10.00%,Very Common (100.00%)
Terra Attack Drone,10.00%,Very Common (100.00%)
Terra Research Crewman,15.00%,Very Common (100.00%)
Terra Elite Provisor,15.00%,Very Common (100.00%)
Terra Provisor,15.00%,Very Common (100.00%)
Terra Provisor,15.00%,Very Common (100.00%)
Terra Elite Overtaker,15.00%,Very Common (100.00%)
Terra Overtaker,15.00%,Very Common (100.00%)
Terra Overtaker,15.00%,Very Common (100.00%)
Terra Jailer,15.00%,Very Common (100.00%)
Terra Cestra Manker,15.00%,Very Common (100.00%)
Terra Raptor Sx,15.00%,Very Common (100.00%)
Terra Elite Raptor Sx,15.00%,Very Common (100.00%)
Terra Elite Crewman,15.00%,Very Common (100.00%)
Terra Elite Trencher,15.00%,Very Common (100.00%)
Icemire Hyena,100.00%,Very Common (97.42%)
Rabbleback Hyena,100.00%,Very Common (97.42%)
Gyre Hyena,100.00%,Very Common (97.42%)
Cinderthresh Hyena,100.00%,Very Common (97.42%)
Terra Embattor Moa,15.00%,Very Common (100.00%)
Terra Elite Embattor Moa,15.00%,Very Common (100.00%)
Terra Moa,15.00%,Very Common (100.00%)
Terra Moa,15.00%,Very Common (100.00%)
Terra Anti Moa,15.00%,Very Common (100.00%)
Terra Anti Moa,15.00%,Very Common (100.00%)
Terra Nullifier Crewman,15.00%,Very Common (100.00%)
Terra Railgun Moa,15.00%,Very Common (100.00%)
Terra Railgun Moa,15.00%,Very Common (100.00%)
Terra Crewman,15.00%,Very Common (100.00%)
Terra Crewman,15.00%,Very Common (100.00%)
Terra Shield Osprey,7.00%,Very Common (100.00%)
Terra Shield Osprey,10.00%,Very Common (100.00%)
Terra Shield Osprey,10.00%,Very Common (100.00%)
Terra Shockwave Moa,15.00%,Very Common (100.00%)
Terra Shockwave Moa,15.00%,Very Common (100.00%)
Terra Trencher,15.00%,Very Common (100.00%)
Terra Trencher,15.00%,Very Common (100.00%)
Terra Plasmor Crewman,15.00%,Very Common (100.00%)
Terra Plasmor Crewman,15.00%,Very Common (100.00%)
Terra Sniper Crewman,15.00%,Very Common (100.00%)
Terra Sniper Crewman,15.00%,Very Common (100.00%)
Terra Oxium Osprey,10.00%,Very Common (100.00%)
Terra Turret Osprey,7.00%,Very Common (100.00%)
Terra Turret Osprey,10.00%,Very Common (100.00%)
Corpus Trencher Target,15.00%,Very Common (100.00%)
Corpus Cestra Target,15.00%,Very Common (100.00%)
Corpus Supra Target,15.00%,Very Common (100.00%)
Corpus Sniper Target,15.00%,Very Common (100.00%)
Coildrive,7.00%,Very Common (100.00%)
Chroma,4.00%,Very Common (100.00%)
Narmer Cache,25.00%,Very Common (77.44%)
Rogg-417,7.00%,Very Common (100.00%)
Primm,10.00%,Very Common (100.00%)
Verd-Ie,10.00%,Very Common (100.00%)
Omnipak,25.00%,Very Common (75.88%)
Carrypod,25.00%,Very Common (75.88%)
Reinforced Carrypod,25.00%,Very Common (75.88%)
Orb Vallis - Temple of Profit Enemies,11.00%,Very Common (81.82%)
Orb Vallis - Enrichment Labs Enemies,11.00%,Very Common (81.82%)
Orb Vallis - Spaceport Enemies,11.00%,Very Common (81.82%)
Eximus Enemy (Hard Mode),7.00%,Very Common (71.50%)
,,
Khut-Khut Venom Sac,Khut-Khut Venom Sac,Khut-Khut Venom Sac
Source,Resource Drop Chance,Chance
Tusk Thumper Doma,800.00%,Rare (4.17%)
Tusk Thumper Bull,600.00%,Rare (4.17%)
Tusk Thumper,400.00%,Rare (4.17%)
Narmer Thumper Doma,800.00%,Rare (4.17%)
Narmer Thumper Bull,600.00%,Rare (4.17%)
Narmer Thumper,400.00%,Rare (4.17%)
,,
Lamentus,Lamentus,Lamentus
Source,Resource Drop Chance,Chance
Dax Herald,65.00%,Very Common (100.00%)
Dax Malleus,65.00%,Very Common (100.00%)
Dax Gladius,65.00%,Very Common (100.00%)
Dax Arcus,65.00%,Very Common (100.00%)
,,
Mawfish Bones,Mawfish Bones,Mawfish Bones
Source,Resource Drop Chance,Chance
Tusk Thumper Doma,800.00%,Rare (4.17%)
Tusk Thumper Bull,600.00%,Rare (4.17%)
Tusk Thumper,400.00%,Rare (4.17%)
Narmer Thumper Doma,800.00%,Rare (4.17%)
Narmer Thumper Bull,600.00%,Rare (4.17%)
Narmer Thumper,400.00%,Rare (4.17%)
,,
Norg Brain,Norg Brain,Norg Brain
Source,Resource Drop Chance,Chance
Tusk Thumper Doma,800.00%,Rare (4.17%)
Tusk Thumper Bull,600.00%,Rare (4.17%)
Tusk Thumper,400.00%,Rare (4.17%)
Narmer Thumper Doma,800.00%,Rare (4.17%)
Narmer Thumper Bull,600.00%,Rare (4.17%)
Narmer Thumper,400.00%,Rare (4.17%)
,,
